"datasetID","study","genus","species","woody","provenance.lat","provenance.long","continent","year","fieldchill","fieldsample.date","chilltemp","chillphotoperiod","chilldays","forcetemp","forcetemp_night","photoperiod_day","photoperiod_night","respvar","response","response.time","respvar.simple","Exp_Chilling_Hours","Exp_Utah_Model","Exp_Chill_portions","Field_Chilling_Hours","Field_Utah_Model","Field_Chill_portions","Total_Chilling_Hours","Total_Utah_Model","Total_Chill_portions","forceday","forcenight","photonight","photo","force"
"heide93","exp1","Betula","pendula","yes",59.5,10.767,"europe",1990,"yes","15-Mar-1990","","","","21","21","24","0","percentbudburst","100",18,"percentbudburst",NA,NA,NA,2445,2578,127.44676417941,2445,2578,127.44676417941,21,21,0,24,21
"heide93","exp1","Betula","pendula","yes",59.5,10.767,"europe",1990,"yes","15-Dec-1989","","","","21","21","24","0","percentbudburst","95.919",18,"percentbudburst",NA,NA,NA,922,1357.5,67.9051752905634,922,1357.5,67.9051752905634,21,21,0,24,21
"heide93","exp1","Betula","pendula","yes",59.5,10.767,"europe",1990,"yes","15-Jan-1990","","","","21","21","8","16","percentbudburst","100",18,"percentbudburst",NA,NA,NA,1283,1580.5,85.0291308339781,1283,1580.5,85.0291308339781,21,21,16,8,21
"heide93","exp1","Betula","pendula","yes",59.5,10.767,"europe",1990,"yes","15-Feb-1990","","","","21","21","24","0","percentbudburst","100",18,"percentbudburst",NA,NA,NA,1969,2130,107.488373412348,1969,2130,107.488373412348,21,21,0,24,21
"heide93","exp1","Betula","pendula","yes",59.5,10.767,"europe",1990,"yes","15-Mar-1990","","","","21","21","8","16","percentbudburst","100",18,"percentbudburst",NA,NA,NA,2445,2578,127.44676417941,2445,2578,127.44676417941,21,21,16,8,21
"heide93","exp1","Betula","pendula","yes",59.5,10.767,"europe",1990,"yes","15-Dec-1989","","","","15","15","8","16","percentbudburst","89.984",25,"percentbudburst",NA,NA,NA,922,1357.5,67.9051752905634,922,1357.5,67.9051752905634,15,15,16,8,15
"heide93","exp1","Betula","pendula","yes",59.5,10.767,"europe",1990,"yes","15-Jan-1990","","","","15","15","24","0","percentbudburst","100",25,"percentbudburst",NA,NA,NA,1283,1580.5,85.0291308339781,1283,1580.5,85.0291308339781,15,15,0,24,15
"heide93","exp1","Betula","pendula","yes",59.5,10.767,"europe",1990,"yes","15-Feb-1990","","","","15","15","8","16","percentbudburst","100",25,"percentbudburst",NA,NA,NA,1969,2130,107.488373412348,1969,2130,107.488373412348,15,15,16,8,15
"heide93","exp1","Betula","pendula","yes",59.5,10.767,"europe",1990,"yes","15-Mar-1990","","","","15","15","24","0","percentbudburst","100",25,"percentbudburst",NA,NA,NA,2445,2578,127.44676417941,2445,2578,127.44676417941,15,15,0,24,15
"heide93","exp1","Betula","pendula","yes",59.5,10.767,"europe",1990,"yes","15-Dec-1989","","","","15","15","24","0","percentbudburst","69.634",25,"percentbudburst",NA,NA,NA,922,1357.5,67.9051752905634,922,1357.5,67.9051752905634,15,15,0,24,15
"heide93","exp1","Betula","pendula","yes",59.5,10.767,"europe",1990,"yes","15-Jan-1990","","","","15","15","8","16","percentbudburst","100",25,"percentbudburst",NA,NA,NA,1283,1580.5,85.0291308339781,1283,1580.5,85.0291308339781,15,15,16,8,15
"heide93","exp1","Betula","pendula","yes",59.5,10.767,"europe",1990,"yes","15-Feb-1990","","","","15","15","24","0","percentbudburst","100",25,"percentbudburst",NA,NA,NA,1969,2130,107.488373412348,1969,2130,107.488373412348,15,15,0,24,15
"heide93","exp1","Betula","pendula","yes",59.5,10.767,"europe",1990,"yes","15-Mar-1990","","","","15","15","8","16","percentbudburst","100",25,"percentbudburst",NA,NA,NA,2445,2578,127.44676417941,2445,2578,127.44676417941,15,15,16,8,15
"heide93","exp1","Betula","pendula","yes",59.5,10.767,"europe",1990,"yes","15-Feb-1990","","","","21","21","8","16","percentbudburst","100",18,"percentbudburst",NA,NA,NA,1969,2130,107.488373412348,1969,2130,107.488373412348,21,21,16,8,21
"heide93","exp1","Betula","pendula","yes",59.5,10.767,"europe",1990,"yes","15-Dec-1989","","","","9","9","8","16","percentbudburst","85.321",42,"percentbudburst",NA,NA,NA,922,1357.5,67.9051752905634,922,1357.5,67.9051752905634,9,9,16,8,9
"heide93","exp1","Betula","pendula","yes",59.5,10.767,"europe",1990,"yes","15-Jan-1990","","","","9","9","24","0","percentbudburst","100",42,"percentbudburst",NA,NA,NA,1283,1580.5,85.0291308339781,1283,1580.5,85.0291308339781,9,9,0,24,9
"heide93","exp1","Betula","pendula","yes",59.5,10.767,"europe",1990,"yes","15-Feb-1990","","","","9","9","8","16","percentbudburst","100",42,"percentbudburst",NA,NA,NA,1969,2130,107.488373412348,1969,2130,107.488373412348,9,9,16,8,9
"heide93","exp1","Betula","pendula","yes",59.5,10.767,"europe",1990,"yes","15-Mar-1990","","","","9","9","24","0","percentbudburst","100",42,"percentbudburst",NA,NA,NA,2445,2578,127.44676417941,2445,2578,127.44676417941,9,9,0,24,9
"heide93","exp1","Betula","pendula","yes",59.5,10.767,"europe",1990,"yes","15-Dec-1989","","","","9","9","24","0","percentbudburst","60.307",42,"percentbudburst",NA,NA,NA,922,1357.5,67.9051752905634,922,1357.5,67.9051752905634,9,9,0,24,9
"heide93","exp1","Betula","pendula","yes",59.5,10.767,"europe",1990,"yes","15-Jan-1990","","","","9","9","8","16","percentbudburst","100",42,"percentbudburst",NA,NA,NA,1283,1580.5,85.0291308339781,1283,1580.5,85.0291308339781,9,9,16,8,9
"heide93","exp1","Betula","pendula","yes",59.5,10.767,"europe",1990,"yes","15-Feb-1990","","","","9","9","24","0","percentbudburst","100",42,"percentbudburst",NA,NA,NA,1969,2130,107.488373412348,1969,2130,107.488373412348,9,9,0,24,9
"heide93","exp1","Betula","pendula","yes",59.5,10.767,"europe",1990,"yes","15-Mar-1990","","","","9","9","8","16","percentbudburst","100",42,"percentbudburst",NA,NA,NA,2445,2578,127.44676417941,2445,2578,127.44676417941,9,9,16,8,9
"heide93","exp1","Betula","pendula","yes",59.5,10.767,"europe",1990,"yes","15-Nov-1989","","","","21","21","24","0","percentbudburst","75.57",18,"percentbudburst",NA,NA,NA,612,1185,52.5136568477889,612,1185,52.5136568477889,21,21,0,24,21
"heide93","exp1","Betula","pendula","yes",59.5,10.767,"europe",1990,"yes","15-Dec-1989","","","","21","21","8","16","percentbudburst","100",18,"percentbudburst",NA,NA,NA,922,1357.5,67.9051752905634,922,1357.5,67.9051752905634,21,21,16,8,21
"heide93","exp1","Betula","pendula","yes",59.5,10.767,"europe",1990,"yes","15-Jan-1990","","","","21","21","24","0","percentbudburst","100",18,"percentbudburst",NA,NA,NA,1283,1580.5,85.0291308339781,1283,1580.5,85.0291308339781,21,21,0,24,21
"heide93","exp2","Betula","pendula","yes",59.5,10.767,"europe",1991,"yes","15-Nov-1990","","","","21","21","24","0","percentbudburst","75.57",18,"percentbudburst",NA,NA,NA,703,1048.5,52.0491558914724,703,1048.5,52.0491558914724,21,21,0,24,21
"heide93","exp2","Betula","pendula","yes",59.5,10.767,"europe",1991,"yes","15-Dec-1990","","","","21","21","8","16","percentbudburst","100",18,"percentbudburst",NA,NA,NA,1019,1247.5,65.1740630354463,1019,1247.5,65.1740630354463,21,21,16,8,21
"heide93","exp2","Betula","pendula","yes",59.5,10.767,"europe",1991,"yes","15-Jan-1991","","","","21","21","24","0","percentbudburst","100",18,"percentbudburst",NA,NA,NA,1443,1449.5,80.8437190134089,1443,1449.5,80.8437190134089,21,21,0,24,21
"heide93","exp2","Betula","pendula","yes",59.5,10.767,"europe",1991,"yes","15-Feb-1991","","","","21","21","8","16","percentbudburst","100",18,"percentbudburst",NA,NA,NA,1550,1496,88.6351561717912,1550,1496,88.6351561717912,21,21,16,8,21
"heide93","exp2","Betula","pendula","yes",59.5,10.767,"europe",1991,"yes","15-Mar-1991","","","","21","21","24","0","percentbudburst","100",18,"percentbudburst",NA,NA,NA,1946,1639.5,106.300561899067,1946,1639.5,106.300561899067,21,21,0,24,21
"heide93","exp2","Betula","pendula","yes",59.5,10.767,"europe",1991,"yes","15-Dec-1990","","","","21","21","24","0","percentbudburst","95.919",18,"percentbudburst",NA,NA,NA,1019,1247.5,65.1740630354463,1019,1247.5,65.1740630354463,21,21,0,24,21
"heide93","exp2","Betula","pendula","yes",59.5,10.767,"europe",1991,"yes","15-Jan-1991","","","","21","21","8","16","percentbudburst","100",18,"percentbudburst",NA,NA,NA,1443,1449.5,80.8437190134089,1443,1449.5,80.8437190134089,21,21,16,8,21
"heide93","exp2","Betula","pendula","yes",59.5,10.767,"europe",1991,"yes","15-Feb-1991","","","","21","21","24","0","percentbudburst","100",18,"percentbudburst",NA,NA,NA,1550,1496,88.6351561717912,1550,1496,88.6351561717912,21,21,0,24,21
"heide93","exp2","Betula","pendula","yes",59.5,10.767,"europe",1991,"yes","15-Mar-1991","","","","21","21","8","16","percentbudburst","100",18,"percentbudburst",NA,NA,NA,1946,1639.5,106.300561899067,1946,1639.5,106.300561899067,21,21,16,8,21
"heide93","exp2","Betula","pendula","yes",59.5,10.767,"europe",1991,"yes","15-Dec-1990","","","","15","15","8","16","percentbudburst","89.984",25,"percentbudburst",NA,NA,NA,1019,1247.5,65.1740630354463,1019,1247.5,65.1740630354463,15,15,16,8,15
"heide93","exp2","Betula","pendula","yes",59.5,10.767,"europe",1991,"yes","15-Jan-1991","","","","15","15","24","0","percentbudburst","100",25,"percentbudburst",NA,NA,NA,1443,1449.5,80.8437190134089,1443,1449.5,80.8437190134089,15,15,0,24,15
"heide93","exp2","Betula","pendula","yes",59.5,10.767,"europe",1991,"yes","15-Feb-1991","","","","15","15","8","16","percentbudburst","100",25,"percentbudburst",NA,NA,NA,1550,1496,88.6351561717912,1550,1496,88.6351561717912,15,15,16,8,15
"heide93","exp2","Betula","pendula","yes",59.5,10.767,"europe",1991,"yes","15-Mar-1991","","","","15","15","24","0","percentbudburst","100",25,"percentbudburst",NA,NA,NA,1946,1639.5,106.300561899067,1946,1639.5,106.300561899067,15,15,0,24,15
"heide93","exp2","Betula","pendula","yes",59.5,10.767,"europe",1991,"yes","15-Dec-1990","","","","15","15","24","0","percentbudburst","69.634",25,"percentbudburst",NA,NA,NA,1019,1247.5,65.1740630354463,1019,1247.5,65.1740630354463,15,15,0,24,15
"heide93","exp2","Betula","pendula","yes",59.5,10.767,"europe",1991,"yes","15-Jan-1991","","","","15","15","8","16","percentbudburst","100",25,"percentbudburst",NA,NA,NA,1443,1449.5,80.8437190134089,1443,1449.5,80.8437190134089,15,15,16,8,15
"heide93","exp2","Betula","pendula","yes",59.5,10.767,"europe",1991,"yes","15-Feb-1991","","","","15","15","24","0","percentbudburst","100",25,"percentbudburst",NA,NA,NA,1550,1496,88.6351561717912,1550,1496,88.6351561717912,15,15,0,24,15
"heide93","exp2","Betula","pendula","yes",59.5,10.767,"europe",1991,"yes","15-Mar-1991","","","","15","15","8","16","percentbudburst","100",25,"percentbudburst",NA,NA,NA,1946,1639.5,106.300561899067,1946,1639.5,106.300561899067,15,15,16,8,15
"heide93","exp2","Betula","pendula","yes",59.5,10.767,"europe",1991,"yes","15-Dec-1990","","","","9","9","8","16","percentbudburst","85.321",42,"percentbudburst",NA,NA,NA,1019,1247.5,65.1740630354463,1019,1247.5,65.1740630354463,9,9,16,8,9
"heide93","exp2","Betula","pendula","yes",59.5,10.767,"europe",1991,"yes","15-Jan-1991","","","","9","9","24","0","percentbudburst","100",42,"percentbudburst",NA,NA,NA,1443,1449.5,80.8437190134089,1443,1449.5,80.8437190134089,9,9,0,24,9
"heide93","exp2","Betula","pendula","yes",59.5,10.767,"europe",1991,"yes","15-Feb-1991","","","","9","9","8","16","percentbudburst","100",42,"percentbudburst",NA,NA,NA,1550,1496,88.6351561717912,1550,1496,88.6351561717912,9,9,16,8,9
"heide93","exp2","Betula","pendula","yes",59.5,10.767,"europe",1991,"yes","15-Mar-1991","","","","9","9","24","0","percentbudburst","100",42,"percentbudburst",NA,NA,NA,1946,1639.5,106.300561899067,1946,1639.5,106.300561899067,9,9,0,24,9
"heide93","exp2","Betula","pendula","yes",59.5,10.767,"europe",1991,"yes","15-Dec-1990","","","","9","9","24","0","percentbudburst","60.307",42,"percentbudburst",NA,NA,NA,1019,1247.5,65.1740630354463,1019,1247.5,65.1740630354463,9,9,0,24,9
"heide93","exp2","Betula","pendula","yes",59.5,10.767,"europe",1991,"yes","15-Jan-1991","","","","9","9","8","16","percentbudburst","100",42,"percentbudburst",NA,NA,NA,1443,1449.5,80.8437190134089,1443,1449.5,80.8437190134089,9,9,16,8,9
"heide93","exp2","Betula","pendula","yes",59.5,10.767,"europe",1991,"yes","15-Feb-1991","","","","9","9","24","0","percentbudburst","100",42,"percentbudburst",NA,NA,NA,1550,1496,88.6351561717912,1550,1496,88.6351561717912,9,9,0,24,9
"heide93","exp2","Betula","pendula","yes",59.5,10.767,"europe",1991,"yes","15-Mar-1991","","","","9","9","8","16","percentbudburst","100",42,"percentbudburst",NA,NA,NA,1946,1639.5,106.300561899067,1946,1639.5,106.300561899067,9,9,16,8,9
"junttila12","exp1","Betula","pendula","yes",67.05,15.033,"europe",2010,"","","","0","0","9","","24","0","percentbudburst","88",160,"percentbudburst",0,0,0,NA,NA,NA,0,0,0,9,NA,0,24,9
"junttila12","exp1","Betula","pendula","yes",67.05,15.033,"europe",2010,"","","","0","0","12","","24","0","percentbudburst","94",160,"percentbudburst",0,0,0,NA,NA,NA,0,0,0,12,NA,0,24,12
"junttila12","exp1","Betula","pendula","yes",67.05,15.033,"europe",2010,"","","","0","0","15","","24","0","percentbudburst","85",160,"percentbudburst",0,0,0,NA,NA,NA,0,0,0,15,NA,0,24,15
"li05","exp1","Betula","pendula","yes",63.233,26.12,"europe",2004,"","","","","0","18","18","12","12","percentbudburst","87.419",14,"percentbudburst",0,0,0,NA,NA,NA,0,0,0,18,18,12,12,18
"li05","exp1","Betula","pendula","yes",58.167,25.533,"europe",2004,"","","","","0","18","18","12","12","percentbudburst","100",0,"percentbudburst",0,0,0,NA,NA,NA,0,0,0,18,18,12,12,18
"li05","exp1","Betula","pendula","yes",58.167,25.533,"europe",2004,"","","6,.5","12","42","18","18","12","12","percentbudburst","100",7,"percentbudburst",1008,504,21.0969207656398,NA,NA,NA,1008,504,21.0969207656398,18,18,12,12,18
"li05","exp1","Betula","pendula","yes",67.7333,24.85,"europe",2004,"","","6,.5","12","42","18","18","12","12","percentbudburst","90.889",56,"percentbudburst",1008,504,21.0969207656398,NA,NA,NA,1008,504,21.0969207656398,18,18,12,12,18
"rinne97","exp1","Betula","pendula","yes",65.167,27.33,"europe",1994,"no","","5.1","0","112","20","","6","18","percentbudburst","82.065",11.546,"percentbudburst",2688,2688,89.9456104429835,NA,NA,NA,2688,2688,89.9456104429835,20,NA,18,6,20
"rinne97","exp1","Betula","pendula","yes",65.167,27.33,"europe",1994,"no","","5.1","0","112","20","","6","18","percentbudburst","46.763",13.533,"percentbudburst",2688,2688,89.9456104429835,NA,NA,NA,2688,2688,89.9456104429835,20,NA,18,6,20
"rinne97","exp1","Betula","pendula","yes",65.167,27.33,"europe",1994,"no","","5.1","0","140","20","","7","17","percentbudburst","47.795",18.765,"percentbudburst",3360,3360,112.652997449223,NA,NA,NA,3360,3360,112.652997449223,20,NA,17,7,20
"rinne97","exp1","Betula","pendula","yes",65.167,27.33,"europe",1994,"no","","5.1","0","140","20","","6","18","percentbudburst","100.18",15.793,"percentbudburst",3360,3360,112.652997449223,NA,NA,NA,3360,3360,112.652997449223,20,NA,18,6,20
"rinne97","exp1","Betula","pendula","yes",65.167,27.33,"europe",1994,"no","","5.1","0","140","20","","7","17","percentbudburst","56.184",19.088,"percentbudburst",3360,3360,112.652997449223,NA,NA,NA,3360,3360,112.652997449223,20,NA,17,7,20
"rinne97","exp1","Betula","pendula","yes",65.167,27.33,"europe",1994,"no","","5.1","0","140","20","","6","18","percentbudburst","86.232",13.717,"percentbudburst",3360,3360,112.652997449223,NA,NA,NA,3360,3360,112.652997449223,20,NA,18,6,20
"rinne97","exp1","Betula","pendula","yes",65.167,27.33,"europe",1994,"no","","5.1","0","140","20","","7","17","percentbudburst","52.878",19.015,"percentbudburst",3360,3360,112.652997449223,NA,NA,NA,3360,3360,112.652997449223,20,NA,17,7,20
"rinne97","exp1","Betula","pendula","yes",65.167,27.33,"europe",1994,"no","","5.1","0","154","20","","7","17","percentbudburst","77.915",17.659,"percentbudburst",3696,3696,124.006690952342,NA,NA,NA,3696,3696,124.006690952342,20,NA,17,7,20
"rinne97","exp1","Betula","pendula","yes",65.167,27.33,"europe",1994,"no","","5.1","0","168","20","","6","18","percentbudburst","100.18",12.766,"percentbudburst",4032,4032,134.48702341676,NA,NA,NA,4032,4032,134.48702341676,20,NA,18,6,20
"rinne97","exp1","Betula","pendula","yes",65.167,27.33,"europe",1994,"no","","5.1","0","168","20","","6","18","percentbudburst","91.519",15.206,"percentbudburst",4032,4032,134.48702341676,NA,NA,NA,4032,4032,134.48702341676,20,NA,18,6,20
"rinne97","exp1","Betula","pendula","yes",65.167,27.33,"europe",1994,"no","","5.1","0","168","20","","6","18","percentbudburst","100",9.474,"percentbudburst",4032,4032,134.48702341676,NA,NA,NA,4032,4032,134.48702341676,20,NA,18,6,20
"rinne97","exp1","Betula","pendula","yes",65.167,27.33,"europe",1994,"no","","5.1","0","168","20","","6","18","percentbudburst","85.971",15.046,"percentbudburst",4032,4032,134.48702341676,NA,NA,NA,4032,4032,134.48702341676,20,NA,18,6,20
"rinne97","exp1","Betula","pendula","yes",65.167,27.33,"europe",1994,"no","","5.1","0","168","20","","6","18","percentbudburst","91.887",15.149,"percentbudburst",4032,4032,134.48702341676,NA,NA,NA,4032,4032,134.48702341676,20,NA,18,6,20
"basler12","exp1","Betula","pendula","yes",46.2,7.033,"europe",2009,"","3-Mar-2009","","","","5","","9.5","14.5","daystobudburst","timeonly",25.76,"daystobudburst",NA,NA,NA,1345,1234.5,81.8044874041654,1345,1234.5,81.8044874041654,5,NA,14.5,9.5,5
"basler12","exp1","Betula","pendula","yes",46.85,9.53,"europe",2009,"","3-Mar-2009","","","","5","","11","13","daystobudburst","timeonly",25.47,"daystobudburst",NA,NA,NA,1297,1194.5,89.6547488698292,1297,1194.5,89.6547488698292,5,NA,13,11,5
"basler12","exp1","Betula","pendula","yes",46.2,7.033,"europe",2009,"","3-Mar-2009","","","","5","","9.5","14.5","daystobudburst","timeonly",24.62,"daystobudburst",NA,NA,NA,1345,1234.5,81.8044874041654,1345,1234.5,81.8044874041654,5,NA,14.5,9.5,5
"basler12","exp1","Betula","pendula","yes",46.85,9.53,"europe",2009,"","3-Mar-2009","","","","5","","11","13","daystobudburst","timeonly",24.06,"daystobudburst",NA,NA,NA,1297,1194.5,89.6547488698292,1297,1194.5,89.6547488698292,5,NA,13,11,5
"basler12","exp1","Betula","pendula","yes",46.2,7.033,"europe",2009,"","3-Mar-2009","","","","5","","9.5","14.5","daystobudburst","timeonly",30.28,"daystobudburst",NA,NA,NA,1345,1234.5,81.8044874041654,1345,1234.5,81.8044874041654,5,NA,14.5,9.5,5
"basler12","exp1","Betula","pendula","yes",46.85,9.53,"europe",2009,"","3-Mar-2009","","","","5","","11","13","daystobudburst","timeonly",30.28,"daystobudburst",NA,NA,NA,1297,1194.5,89.6547488698292,1297,1194.5,89.6547488698292,5,NA,13,11,5
"basler12","exp1","Betula","pendula","yes",46.2,7.033,"europe",2009,"","3-Mar-2009","","","","5","","9.5","14.5","daystobudburst","timeonly",30.38,"daystobudburst",NA,NA,NA,1345,1234.5,81.8044874041654,1345,1234.5,81.8044874041654,5,NA,14.5,9.5,5
"basler12","exp1","Betula","pendula","yes",46.85,9.53,"europe",2009,"","3-Mar-2009","","","","5","","11","13","daystobudburst","timeonly",28.49,"daystobudburst",NA,NA,NA,1297,1194.5,89.6547488698292,1297,1194.5,89.6547488698292,5,NA,13,11,5
"basler12","exp1","Betula","pendula","yes",46.2,7.033,"europe",2009,"","3-Mar-2009","","","","meandaily","","9.5","14.5","degreedaystobudburst","timeonly",202.08,"thermaltime",NA,NA,NA,1345,1234.5,81.8044874041654,1345,1234.5,81.8044874041654,NA,NA,14.5,9.5,NA
"basler12","exp1","Betula","pendula","yes",46.85,9.53,"europe",2009,"","3-Mar-2009","","","","meandaily","","11","13","degreedaystobudburst","timeonly",200.89,"thermaltime",NA,NA,NA,1297,1194.5,89.6547488698292,1297,1194.5,89.6547488698292,NA,NA,13,11,NA
"basler12","exp1","Betula","pendula","yes",46.2,7.033,"europe",2009,"","3-Mar-2009","","","","meandaily","","9.5","14.5","degreedaystobudburst","timeonly",108.17,"thermaltime",NA,NA,NA,1345,1234.5,81.8044874041654,1345,1234.5,81.8044874041654,NA,NA,14.5,9.5,NA
"basler12","exp1","Betula","pendula","yes",46.85,9.53,"europe",2009,"","3-Mar-2009","","","","meandaily","","11","13","degreedaystobudburst","timeonly",105.8,"thermaltime",NA,NA,NA,1297,1194.5,89.6547488698292,1297,1194.5,89.6547488698292,NA,NA,13,11,NA
"basler12","exp1","Betula","pendula","yes",46.2,7.033,"europe",2009,"","3-Mar-2009","","","","meandaily","","9.5","14.5","degreedaystobudburst","timeonly",140.27,"thermaltime",NA,NA,NA,1345,1234.5,81.8044874041654,1345,1234.5,81.8044874041654,NA,NA,14.5,9.5,NA
"basler12","exp1","Betula","pendula","yes",46.85,9.53,"europe",2009,"","3-Mar-2009","","","","meandaily","","11","13","degreedaystobudburst","timeonly",139.67,"thermaltime",NA,NA,NA,1297,1194.5,89.6547488698292,1297,1194.5,89.6547488698292,NA,NA,13,11,NA
"basler12","exp1","Betula","pendula","yes",46.2,7.033,"europe",2009,"","3-Mar-2009","","","","meandaily","","9.5","14.5","degreedaystobudburst","timeonly",108.17,"thermaltime",NA,NA,NA,1345,1234.5,81.8044874041654,1345,1234.5,81.8044874041654,NA,NA,14.5,9.5,NA
"basler12","exp1","Betula","pendula","yes",46.85,9.53,"europe",2009,"","3-Mar-2009","","","","meandaily","","11","13","degreedaystobudburst","timeonly",99.26,"thermaltime",NA,NA,NA,1297,1194.5,89.6547488698292,1297,1194.5,89.6547488698292,NA,NA,13,11,NA
"Heide03","exp1","Betula","pendula","yes",60.5,7.7,"europe",NA,"no","","5","10","100","15","","24","0","daystobudburst","timeonly",5.83,"daystobudburst",2400,2400,79.7260994192048,NA,NA,NA,2400,2400,79.7260994192048,15,NA,0,24,15
"Heide03","exp1","Betula","pendula","yes",60.5,7.7,"europe",NA,"no","","5","10","100","15","","24","0","daystobudburst","timeonly",8.57,"daystobudburst",2400,2400,79.7260994192048,NA,NA,NA,2400,2400,79.7260994192048,15,NA,0,24,15
"Heide03","exp1","Betula","pendula","yes",60.5,7.7,"europe",NA,"no","","5","10","100","15","","24","0","daystobudburst","timeonly",12.6,"daystobudburst",2400,2400,79.7260994192048,NA,NA,NA,2400,2400,79.7260994192048,15,NA,0,24,15
"Heide03","exp1","Betula","pendula","yes",60.5,7.7,"europe",NA,"no","","5","10","130","15","","24","0","daystobudburst","timeonly",1.71,"daystobudburst",3120,3120,104.06281795064,NA,NA,NA,3120,3120,104.06281795064,15,NA,0,24,15
"Heide03","exp1","Betula","pendula","yes",60.5,7.7,"europe",NA,"no","","5","10","130","15","","24","0","daystobudburst","timeonly",0.17,"daystobudburst",3120,3120,104.06281795064,NA,NA,NA,3120,3120,104.06281795064,15,NA,0,24,15
"Heide03","exp1","Betula","pendula","yes",60.5,7.7,"europe",NA,"no","","5","10","130","15","","24","0","daystobudburst","timeonly",5.06,"daystobudburst",3120,3120,104.06281795064,NA,NA,NA,3120,3120,104.06281795064,15,NA,0,24,15
"Heide03","exp1","Betula","pendula","yes",60.5,7.7,"europe",NA,"no","","5","10","40","15","","24","0","daystobudburst","timeonly",26.66,"daystobudburst",960,960,31.8918595470733,NA,NA,NA,960,960,31.8918595470733,15,NA,0,24,15
"Heide03","exp1","Betula","pendula","yes",60.5,7.7,"europe",NA,"no","","5","10","40","15","","24","0","daystobudburst","timeonly",54.86,"daystobudburst",960,960,31.8918595470733,NA,NA,NA,960,960,31.8918595470733,15,NA,0,24,15
"Heide03","exp1","Betula","pendula","yes",60.5,7.7,"europe",NA,"no","","5","10","40","15","","24","0","daystobudburst","timeonly",40.2,"daystobudburst",960,960,31.8918595470733,NA,NA,NA,960,960,31.8918595470733,15,NA,0,24,15
"Heide03","exp1","Betula","pendula","yes",60.5,7.7,"europe",NA,"no","","5","10","70","15","","24","0","daystobudburst","timeonly",14.91,"daystobudburst",1680,1680,56.2285780785086,NA,NA,NA,1680,1680,56.2285780785086,15,NA,0,24,15
"Heide03","exp1","Betula","pendula","yes",60.5,7.7,"europe",NA,"no","","5","10","70","15","","24","0","daystobudburst","timeonly",27.86,"daystobudburst",1680,1680,56.2285780785086,NA,NA,NA,1680,1680,56.2285780785086,15,NA,0,24,15
"Heide03","exp1","Betula","pendula","yes",60.5,7.7,"europe",NA,"no","","5","10","70","15","","24","0","daystobudburst","timeonly",20.31,"daystobudburst",1680,1680,56.2285780785086,NA,NA,NA,1680,1680,56.2285780785086,15,NA,0,24,15
"junttila12","exp1","Betula","pendula","yes",67.05,15.033,"europe",2010,"","","","0","0","9","","24","0","elongation","31",160,"growth",0,0,0,NA,NA,NA,0,0,0,9,NA,0,24,9
"junttila12","exp1","Betula","pendula","yes",59.783,9.417,"europe",2010,"","","","0","0","9","","24","0","elongation","105",160,"growth",0,0,0,NA,NA,NA,0,0,0,9,NA,0,24,9
"junttila12","exp1","Betula","pendula","yes",67.05,15.033,"europe",2010,"","","","0","0","12","","24","0","elongation","259",160,"growth",0,0,0,NA,NA,NA,0,0,0,12,NA,0,24,12
"junttila12","exp1","Betula","pendula","yes",67.05,15.033,"europe",2010,"","","","0","0","15","","24","0","elongation","210",160,"growth",0,0,0,NA,NA,NA,0,0,0,15,NA,0,24,15
"laube14a","exp1","Betula","pendula","yes",48.403008,11.711811,"europe",2011,"yes","14-Mar-2012","","","110","7","","8","16","degreedaystobudburstconvertedtodays","timeonly",18,"daystobudburst",NA,NA,NA,2239,1801.5,103.547699511753,2239,1801.5,103.547699511753,7,NA,16,8,7
"laube14a","exp1","Betula","pendula","yes",48.403008,11.711811,"europe",2011,"yes","14-Mar-2012","","","110","7","","12","12","degreedaystobudburstconvertedtodays","timeonly",17,"daystobudburst",NA,NA,NA,2239,1801.5,103.547699511753,2239,1801.5,103.547699511753,7,NA,12,12,7
"laube14a","exp1","Betula","pendula","yes",48.403008,11.711811,"europe",2011,"yes","14-Mar-2012","","","110","7","","16","8","degreedaystobudburstconvertedtodays","timeonly",19,"daystobudburst",NA,NA,NA,2239,1801.5,103.547699511753,2239,1801.5,103.547699511753,7,NA,8,16,7
"laube14a","exp1","Betula","pendula","yes",48.403008,11.711811,"europe",2011,"yes","14-Dec-2011","","","33","7","","8","16","degreedaystobudburstconvertedtodays","timeonly",25,"daystobudburst",NA,NA,NA,1003,868.5,51.6913728053825,1003,868.5,51.6913728053825,7,NA,16,8,7
"laube14a","exp1","Betula","pendula","yes",48.403008,11.711811,"europe",2011,"yes","14-Dec-2011","","","33","7","","12","12","degreedaystobudburstconvertedtodays","timeonly",24,"daystobudburst",NA,NA,NA,1003,868.5,51.6913728053825,1003,868.5,51.6913728053825,7,NA,12,12,7
"laube14a","exp1","Betula","pendula","yes",48.403008,11.711811,"europe",2011,"yes","14-Dec-2011","","","33","7","","16","8","degreedaystobudburstconvertedtodays","timeonly",24,"daystobudburst",NA,NA,NA,1003,868.5,51.6913728053825,1003,868.5,51.6913728053825,7,NA,8,16,7
"laube14a","exp1","Betula","pendula","yes",48.403008,11.711811,"europe",2011,"yes","30-Jan-2012","","","73","7","","8","16","degreedaystobudburstconvertedtodays","timeonly",20,"daystobudburst",NA,NA,NA,1780,1399,79.879632404017,1780,1399,79.879632404017,7,NA,16,8,7
"laube14a","exp1","Betula","pendula","yes",48.403008,11.711811,"europe",2011,"yes","30-Jan-2012","","","73","7","","12","12","degreedaystobudburstconvertedtodays","timeonly",19,"daystobudburst",NA,NA,NA,1780,1399,79.879632404017,1780,1399,79.879632404017,7,NA,12,12,7
"laube14a","exp1","Betula","pendula","yes",48.403008,11.711811,"europe",2011,"yes","30-Jan-2012","","","73","7","","16","8","degreedaystobudburstconvertedtodays","timeonly",18,"daystobudburst",NA,NA,NA,1780,1399,79.879632404017,1780,1399,79.879632404017,7,NA,8,16,7
"laube14b","exp1","Betula","pendula","yes",48.403008,11.711811,"europe",2013,"no","03-Mar-2012","","","","25.3","","16","","daystoleafout","timeonly",11.06,"daystobudburst",NA,NA,NA,2044,1615,95.9574954377482,2044,1615,95.9574954377482,25.3,NA,NA,16,25.3
"linkosalo06","exp1","Betula","pendula","yes",60.17,24.95,"europe",2004,"no","","0","","21","15","","17","7","daystobudburst","timeonly",138,"daystobudburst",504,0,2.15477164498651,NA,NA,NA,504,0,2.15477164498651,15,NA,7,17,15
"linkosalo06","exp1","Betula","pendula","yes",60.17,24.95,"europe",2004,"no","","0","","21","15","","17","7","daystobudburst","timeonly",131.63,"daystobudburst",504,0,2.15477164498651,NA,NA,NA,504,0,2.15477164498651,15,NA,7,17,15
"linkosalo06","exp1","Betula","pendula","yes",60.17,24.95,"europe",2004,"no","","0","","21","15","","17","7","daystobudburst","timeonly",136.59,"daystobudburst",504,0,2.15477164498651,NA,NA,NA,504,0,2.15477164498651,15,NA,7,17,15
"linkosalo06","exp1","Betula","pendula","yes",60.17,24.95,"europe",2004,"no","","0","","21","15","","16","8","daystobudburst","timeonly",120.96,"daystobudburst",504,0,2.15477164498651,NA,NA,NA,504,0,2.15477164498651,15,NA,8,16,15
"linkosalo06","exp1","Betula","pendula","yes",60.17,24.95,"europe",2004,"no","","0","","21","15","","16","8","daystobudburst","timeonly",120.22,"daystobudburst",504,0,2.15477164498651,NA,NA,NA,504,0,2.15477164498651,15,NA,8,16,15
"myking95","exp1","Betula","pendula","yes",56.1,9.15,"europe",1994,"","","0","8","105","15","","24","0","daystobudburst","timeonly",11.79,"daystobudburst",2520,0,13.1312945140011,NA,NA,NA,2520,0,13.1312945140011,15,NA,0,24,15
"myking95","exp1","Betula","pendula","yes",64,11.5,"europe",1994,"","","0","8","105","15","","8","16","daystobudburst","timeonly",13.28,"daystobudburst",2520,0,13.1312945140011,NA,NA,NA,2520,0,13.1312945140011,15,NA,16,8,15
"myking95","exp1","Betula","pendula","yes",64,11.5,"europe",1994,"","","0","8","105","15","","24","0","daystobudburst","timeonly",11.6,"daystobudburst",2520,0,13.1312945140011,NA,NA,NA,2520,0,13.1312945140011,15,NA,0,24,15
"myking95","exp1","Betula","pendula","yes",64,11.5,"europe",1994,"","","0","8","105","15","","8","16","daystobudburst","timeonly",12.84,"daystobudburst",2520,0,13.1312945140011,NA,NA,NA,2520,0,13.1312945140011,15,NA,16,8,15
"myking95","exp1","Betula","pendula","yes",69,18.6,"europe",1994,"","","0","8","105","15","","8","16","daystobudburst","timeonly",11.37,"daystobudburst",2520,0,13.1312945140011,NA,NA,NA,2520,0,13.1312945140011,15,NA,16,8,15
"myking95","exp1","Betula","pendula","yes",69,18.6,"europe",1994,"","","0","8","105","15","","24","0","daystobudburst","timeonly",9.31,"daystobudburst",2520,0,13.1312945140011,NA,NA,NA,2520,0,13.1312945140011,15,NA,0,24,15
"myking95","exp1","Betula","pendula","yes",69,18.6,"europe",1994,"","","0","8","105","15","","24","0","daystobudburst","timeonly",9.68,"daystobudburst",2520,0,13.1312945140011,NA,NA,NA,2520,0,13.1312945140011,15,NA,0,24,15
"myking95","exp1","Betula","pendula","yes",56.1,9.15,"europe",1994,"","","0","8","105","15","","24","0","daystobudburst","timeonly",12.29,"daystobudburst",2520,0,13.1312945140011,NA,NA,NA,2520,0,13.1312945140011,15,NA,0,24,15
"myking95","exp1","Betula","pendula","yes",56.1,9.15,"europe",1994,"","","0","8","105","15","","8","16","daystobudburst","timeonly",14.43,"daystobudburst",2520,0,13.1312945140011,NA,NA,NA,2520,0,13.1312945140011,15,NA,16,8,15
"myking95","exp1","Betula","pendula","yes",56.1,9.15,"europe",1994,"","","0","8","105","15","","8","16","daystobudburst","timeonly",14.74,"daystobudburst",2520,0,13.1312945140011,NA,NA,NA,2520,0,13.1312945140011,15,NA,16,8,15
"myking95","exp1","Betula","pendula","yes",64,11.5,"europe",1994,"","","0","8","105","15","","24","0","daystobudburst","timeonly",11.79,"daystobudburst",2520,0,13.1312945140011,NA,NA,NA,2520,0,13.1312945140011,15,NA,0,24,15
"myking95","exp1","Betula","pendula","yes",69,18.6,"europe",1994,"","","0","8","136","15","","8","16","daystobudburst","timeonly",6.57,"daystobudburst",3264,0,17.1838471001481,NA,NA,NA,3264,0,17.1838471001481,15,NA,16,8,15
"myking95","exp1","Betula","pendula","yes",56.1,9.15,"europe",1994,"","","0","8","136","15","","24","0","daystobudburst","timeonly",7.58,"daystobudburst",3264,0,17.1838471001481,NA,NA,NA,3264,0,17.1838471001481,15,NA,0,24,15
"myking95","exp1","Betula","pendula","yes",64,11.5,"europe",1994,"","","0","8","136","15","","8","16","daystobudburst","timeonly",7.79,"daystobudburst",3264,0,17.1838471001481,NA,NA,NA,3264,0,17.1838471001481,15,NA,16,8,15
"myking95","exp1","Betula","pendula","yes",64,11.5,"europe",1994,"","","0","8","136","15","","24","0","daystobudburst","timeonly",8.32,"daystobudburst",3264,0,17.1838471001481,NA,NA,NA,3264,0,17.1838471001481,15,NA,0,24,15
"myking95","exp1","Betula","pendula","yes",69,18.6,"europe",1994,"","","0","8","136","15","","24","0","daystobudburst","timeonly",6.26,"daystobudburst",3264,0,17.1838471001481,NA,NA,NA,3264,0,17.1838471001481,15,NA,0,24,15
"myking95","exp1","Betula","pendula","yes",56.1,9.15,"europe",1994,"","","0","8","136","15","","24","0","daystobudburst","timeonly",7.71,"daystobudburst",3264,0,17.1838471001481,NA,NA,NA,3264,0,17.1838471001481,15,NA,0,24,15
"myking95","exp1","Betula","pendula","yes",56.1,9.15,"europe",1994,"","","0","8","136","15","","8","16","daystobudburst","timeonly",10.31,"daystobudburst",3264,0,17.1838471001481,NA,NA,NA,3264,0,17.1838471001481,15,NA,16,8,15
"myking95","exp1","Betula","pendula","yes",69,18.6,"europe",1994,"","","0","8","136","15","","24","0","daystobudburst","timeonly",6.95,"daystobudburst",3264,0,17.1838471001481,NA,NA,NA,3264,0,17.1838471001481,15,NA,0,24,15
"myking95","exp1","Betula","pendula","yes",64,11.5,"europe",1994,"","","0","8","136","15","","8","16","daystobudburst","timeonly",8.63,"daystobudburst",3264,0,17.1838471001481,NA,NA,NA,3264,0,17.1838471001481,15,NA,16,8,15
"myking95","exp1","Betula","pendula","yes",64,11.5,"europe",1994,"","","0","8","136","15","","24","0","daystobudburst","timeonly",8.63,"daystobudburst",3264,0,17.1838471001481,NA,NA,NA,3264,0,17.1838471001481,15,NA,0,24,15
"myking95","exp1","Betula","pendula","yes",56.1,9.15,"europe",1994,"","","0","8","136","15","","8","16","daystobudburst","timeonly",10.74,"daystobudburst",3264,0,17.1838471001481,NA,NA,NA,3264,0,17.1838471001481,15,NA,16,8,15
"myking95","exp1","Betula","pendula","yes",69,18.6,"europe",1994,"","","0","8","136","15","","8","16","daystobudburst","timeonly",6.95,"daystobudburst",3264,0,17.1838471001481,NA,NA,NA,3264,0,17.1838471001481,15,NA,16,8,15
"myking95","exp1","Betula","pendula","yes",69,18.6,"europe",1994,"","","0","8","44","15","","8","16","daystobudburst","timeonly",31.45,"daystobudburst",1056,0,5.15694028921719,NA,NA,NA,1056,0,5.15694028921719,15,NA,16,8,15
"myking95","exp1","Betula","pendula","yes",56.1,9.15,"europe",1994,"","","0","8","44","15","","24","0","daystobudburst","timeonly",31.15,"daystobudburst",1056,0,5.15694028921719,NA,NA,NA,1056,0,5.15694028921719,15,NA,0,24,15
"myking95","exp1","Betula","pendula","yes",56.1,9.15,"europe",1994,"","","0","8","44","15","","24","0","daystobudburst","timeonly",31.37,"daystobudburst",1056,0,5.15694028921719,NA,NA,NA,1056,0,5.15694028921719,15,NA,0,24,15
"myking95","exp1","Betula","pendula","yes",56.1,9.15,"europe",1994,"","","0","8","44","15","","8","16","daystobudburst","timeonly",56.41,"daystobudburst",1056,0,5.15694028921719,NA,NA,NA,1056,0,5.15694028921719,15,NA,16,8,15
"myking95","exp1","Betula","pendula","yes",64,11.5,"europe",1994,"","","0","8","44","15","","24","0","daystobudburst","timeonly",35.37,"daystobudburst",1056,0,5.15694028921719,NA,NA,NA,1056,0,5.15694028921719,15,NA,0,24,15
"myking95","exp1","Betula","pendula","yes",64,11.5,"europe",1994,"","","0","8","44","15","","8","16","daystobudburst","timeonly",49.31,"daystobudburst",1056,0,5.15694028921719,NA,NA,NA,1056,0,5.15694028921719,15,NA,16,8,15
"myking95","exp1","Betula","pendula","yes",69,18.6,"europe",1994,"","","0","8","44","15","","24","0","daystobudburst","timeonly",24.21,"daystobudburst",1056,0,5.15694028921719,NA,NA,NA,1056,0,5.15694028921719,15,NA,0,24,15
"myking95","exp1","Betula","pendula","yes",64,11.5,"europe",1994,"","","0","8","44","15","","8","16","daystobudburst","timeonly",49.05,"daystobudburst",1056,0,5.15694028921719,NA,NA,NA,1056,0,5.15694028921719,15,NA,16,8,15
"myking95","exp1","Betula","pendula","yes",69,18.6,"europe",1994,"","","0","8","44","15","","24","0","daystobudburst","timeonly",23.97,"daystobudburst",1056,0,5.15694028921719,NA,NA,NA,1056,0,5.15694028921719,15,NA,0,24,15
"myking95","exp1","Betula","pendula","yes",69,18.6,"europe",1994,"","","0","8","44","15","","8","16","daystobudburst","timeonly",31.79,"daystobudburst",1056,0,5.15694028921719,NA,NA,NA,1056,0,5.15694028921719,15,NA,16,8,15
"myking95","exp1","Betula","pendula","yes",64,11.5,"europe",1994,"","","0","8","44","15","","24","0","daystobudburst","timeonly",34.81,"daystobudburst",1056,0,5.15694028921719,NA,NA,NA,1056,0,5.15694028921719,15,NA,0,24,15
"myking95","exp1","Betula","pendula","yes",56.1,9.15,"europe",1994,"","","0","8","44","15","","8","16","daystobudburst","timeonly",56.42,"daystobudburst",1056,0,5.15694028921719,NA,NA,NA,1056,0,5.15694028921719,15,NA,16,8,15
"myking95","exp1","Betula","pendula","yes",64,11.5,"europe",1994,"","","0","8","74","15","","8","16","daystobudburst","timeonly",27.94,"daystobudburst",1776,0,9.07874195186457,NA,NA,NA,1776,0,9.07874195186457,15,NA,16,8,15
"myking95","exp1","Betula","pendula","yes",69,18.6,"europe",1994,"","","0","8","74","15","","24","0","daystobudburst","timeonly",14.95,"daystobudburst",1776,0,9.07874195186457,NA,NA,NA,1776,0,9.07874195186457,15,NA,0,24,15
"myking95","exp1","Betula","pendula","yes",69,18.6,"europe",1994,"","","0","8","74","15","","8","16","daystobudburst","timeonly",22.21,"daystobudburst",1776,0,9.07874195186457,NA,NA,NA,1776,0,9.07874195186457,15,NA,16,8,15
"myking95","exp1","Betula","pendula","yes",69,18.6,"europe",1994,"","","0","8","74","15","","24","0","daystobudburst","timeonly",14.96,"daystobudburst",1776,0,9.07874195186457,NA,NA,NA,1776,0,9.07874195186457,15,NA,0,24,15
"myking95","exp1","Betula","pendula","yes",56.1,9.15,"europe",1994,"","","0","8","74","15","","8","16","daystobudburst","timeonly",24.73,"daystobudburst",1776,0,9.07874195186457,NA,NA,NA,1776,0,9.07874195186457,15,NA,16,8,15
"myking95","exp1","Betula","pendula","yes",56.1,9.15,"europe",1994,"","","0","8","74","15","","8","16","daystobudburst","timeonly",24.84,"daystobudburst",1776,0,9.07874195186457,NA,NA,NA,1776,0,9.07874195186457,15,NA,16,8,15
"myking95","exp1","Betula","pendula","yes",56.1,9.15,"europe",1994,"","","0","8","74","15","","24","0","daystobudburst","timeonly",22.11,"daystobudburst",1776,0,9.07874195186457,NA,NA,NA,1776,0,9.07874195186457,15,NA,0,24,15
"myking95","exp1","Betula","pendula","yes",64,11.5,"europe",1994,"","","0","8","74","15","","24","0","daystobudburst","timeonly",17.9,"daystobudburst",1776,0,9.07874195186457,NA,NA,NA,1776,0,9.07874195186457,15,NA,0,24,15
"myking95","exp1","Betula","pendula","yes",64,11.5,"europe",1994,"","","0","8","74","15","","24","0","daystobudburst","timeonly",18.02,"daystobudburst",1776,0,9.07874195186457,NA,NA,NA,1776,0,9.07874195186457,15,NA,0,24,15
"myking95","exp1","Betula","pendula","yes",56.1,9.15,"europe",1994,"","","0","8","74","15","","24","0","daystobudburst","timeonly",22.21,"daystobudburst",1776,0,9.07874195186457,NA,NA,NA,1776,0,9.07874195186457,15,NA,0,24,15
"myking95","exp1","Betula","pendula","yes",64,11.5,"europe",1994,"","","0","8","74","15","","8","16","daystobudburst","timeonly",28,"daystobudburst",1776,0,9.07874195186457,NA,NA,NA,1776,0,9.07874195186457,15,NA,16,8,15
"myking95","exp1","Betula","pendula","yes",69,18.6,"europe",1994,"","","0","8","74","15","","8","16","daystobudburst","timeonly",22.32,"daystobudburst",1776,0,9.07874195186457,NA,NA,NA,1776,0,9.07874195186457,15,NA,16,8,15
"myking95","exp1","Betula","pendula","yes",56.1,9.15,"europe",1994,"","","10","8","105","15","","24","0","daystobudburst","timeonly",9.05,"daystobudburst",0,1260,82.1024595282923,NA,NA,NA,0,1260,82.1024595282923,15,NA,0,24,15
"myking95","exp1","Betula","pendula","yes",69,18.6,"europe",1994,"","","10","8","105","15","","8","16","daystobudburst","timeonly",9.26,"daystobudburst",0,1260,82.1024595282923,NA,NA,NA,0,1260,82.1024595282923,15,NA,16,8,15
"myking95","exp1","Betula","pendula","yes",69,18.6,"europe",1994,"","","10","8","105","15","","24","0","daystobudburst","timeonly",7.58,"daystobudburst",0,1260,82.1024595282923,NA,NA,NA,0,1260,82.1024595282923,15,NA,0,24,15
"myking95","exp1","Betula","pendula","yes",56.1,9.15,"europe",1994,"","","10","8","105","15","","8","16","daystobudburst","timeonly",11.79,"daystobudburst",0,1260,82.1024595282923,NA,NA,NA,0,1260,82.1024595282923,15,NA,16,8,15
"myking95","exp1","Betula","pendula","yes",56.1,9.15,"europe",1994,"","","10","8","105","15","","8","16","daystobudburst","timeonly",12.09,"daystobudburst",0,1260,82.1024595282923,NA,NA,NA,0,1260,82.1024595282923,15,NA,16,8,15
"myking95","exp1","Betula","pendula","yes",64,11.5,"europe",1994,"","","10","8","105","15","","8","16","daystobudburst","timeonly",13.24,"daystobudburst",0,1260,82.1024595282923,NA,NA,NA,0,1260,82.1024595282923,15,NA,16,8,15
"myking95","exp1","Betula","pendula","yes",64,11.5,"europe",1994,"","","10","8","105","15","","24","0","daystobudburst","timeonly",10.03,"daystobudburst",0,1260,82.1024595282923,NA,NA,NA,0,1260,82.1024595282923,15,NA,0,24,15
"myking95","exp1","Betula","pendula","yes",69,18.6,"europe",1994,"","","10","8","105","15","","8","16","daystobudburst","timeonly",10.32,"daystobudburst",0,1260,82.1024595282923,NA,NA,NA,0,1260,82.1024595282923,15,NA,16,8,15
"myking95","exp1","Betula","pendula","yes",69,18.6,"europe",1994,"","","10","8","105","15","","24","0","daystobudburst","timeonly",7.73,"daystobudburst",0,1260,82.1024595282923,NA,NA,NA,0,1260,82.1024595282923,15,NA,0,24,15
"myking95","exp1","Betula","pendula","yes",64,11.5,"europe",1994,"","","10","8","105","15","","24","0","daystobudburst","timeonly",10.74,"daystobudburst",0,1260,82.1024595282923,NA,NA,NA,0,1260,82.1024595282923,15,NA,0,24,15
"myking95","exp1","Betula","pendula","yes",56.1,9.15,"europe",1994,"","","10","8","105","15","","24","0","daystobudburst","timeonly",9.18,"daystobudburst",0,1260,82.1024595282923,NA,NA,NA,0,1260,82.1024595282923,15,NA,0,24,15
"myking95","exp1","Betula","pendula","yes",64,11.5,"europe",1994,"","","10","8","105","15","","8","16","daystobudburst","timeonly",13.05,"daystobudburst",0,1260,82.1024595282923,NA,NA,NA,0,1260,82.1024595282923,15,NA,16,8,15
"myking95","exp1","Betula","pendula","yes",64,11.5,"europe",1994,"","","10","8","136","15","","8","16","daystobudburst","timeonly",4.21,"daystobudburst",0,1632,106.429120844258,NA,NA,NA,0,1632,106.429120844258,15,NA,16,8,15
"myking95","exp1","Betula","pendula","yes",56.1,9.15,"europe",1994,"","","10","8","136","15","","24","0","daystobudburst","timeonly",7.58,"daystobudburst",0,1632,106.429120844258,NA,NA,NA,0,1632,106.429120844258,15,NA,0,24,15
"myking95","exp1","Betula","pendula","yes",69,18.6,"europe",1994,"","","10","8","136","15","","24","0","daystobudburst","timeonly",0.42,"daystobudburst",0,1632,106.429120844258,NA,NA,NA,0,1632,106.429120844258,15,NA,0,24,15
"myking95","exp1","Betula","pendula","yes",69,18.6,"europe",1994,"","","10","8","136","15","","8","16","daystobudburst","timeonly",0.31,"daystobudburst",0,1632,106.429120844258,NA,NA,NA,0,1632,106.429120844258,15,NA,16,8,15
"myking95","exp1","Betula","pendula","yes",64,11.5,"europe",1994,"","","10","8","136","15","","8","16","daystobudburst","timeonly",4.42,"daystobudburst",0,1632,106.429120844258,NA,NA,NA,0,1632,106.429120844258,15,NA,16,8,15
"myking95","exp1","Betula","pendula","yes",56.1,9.15,"europe",1994,"","","10","8","136","15","","24","0","daystobudburst","timeonly",6.81,"daystobudburst",0,1632,106.429120844258,NA,NA,NA,0,1632,106.429120844258,15,NA,0,24,15
"myking95","exp1","Betula","pendula","yes",69,18.6,"europe",1994,"","","10","8","136","15","","24","0","daystobudburst","timeonly",0.08,"daystobudburst",0,1632,106.429120844258,NA,NA,NA,0,1632,106.429120844258,15,NA,0,24,15
"myking95","exp1","Betula","pendula","yes",56.1,9.15,"europe",1994,"","","10","8","136","15","","8","16","daystobudburst","timeonly",6.28,"daystobudburst",0,1632,106.429120844258,NA,NA,NA,0,1632,106.429120844258,15,NA,16,8,15
"myking95","exp1","Betula","pendula","yes",64,11.5,"europe",1994,"","","10","8","136","15","","24","0","daystobudburst","timeonly",3.14,"daystobudburst",0,1632,106.429120844258,NA,NA,NA,0,1632,106.429120844258,15,NA,0,24,15
"myking95","exp1","Betula","pendula","yes",69,18.6,"europe",1994,"","","10","8","136","15","","8","16","daystobudburst","timeonly",0.21,"daystobudburst",0,1632,106.429120844258,NA,NA,NA,0,1632,106.429120844258,15,NA,16,8,15
"myking95","exp1","Betula","pendula","yes",56.1,9.15,"europe",1994,"","","10","8","136","15","","8","16","daystobudburst","timeonly",5.9,"daystobudburst",0,1632,106.429120844258,NA,NA,NA,0,1632,106.429120844258,15,NA,16,8,15
"myking95","exp1","Betula","pendula","yes",64,11.5,"europe",1994,"","","10","8","136","15","","24","0","daystobudburst","timeonly",2.95,"daystobudburst",0,1632,106.429120844258,NA,NA,NA,0,1632,106.429120844258,15,NA,0,24,15
"myking95","exp1","Betula","pendula","yes",69,18.6,"europe",1994,"","","10","8","44","15","","24","0","daystobudburst","timeonly",35.97,"daystobudburst",0,528,34.4627477845268,NA,NA,NA,0,528,34.4627477845268,15,NA,0,24,15
"myking95","exp1","Betula","pendula","yes",69,18.6,"europe",1994,"","","10","8","44","15","","8","16","daystobudburst","timeonly",45.9,"daystobudburst",0,528,34.4627477845268,NA,NA,NA,0,528,34.4627477845268,15,NA,16,8,15
"myking95","exp1","Betula","pendula","yes",56.1,9.15,"europe",1994,"","","10","8","44","15","","24","0","daystobudburst","timeonly",36.42,"daystobudburst",0,528,34.4627477845268,NA,NA,NA,0,528,34.4627477845268,15,NA,0,24,15
"myking95","exp1","Betula","pendula","yes",56.1,9.15,"europe",1994,"","","10","8","44","15","","24","0","daystobudburst","timeonly",38.57,"daystobudburst",0,528,34.4627477845268,NA,NA,NA,0,528,34.4627477845268,15,NA,0,24,15
"myking95","exp1","Betula","pendula","yes",64,11.5,"europe",1994,"","","10","8","44","15","","24","0","daystobudburst","timeonly",40.87,"daystobudburst",0,528,34.4627477845268,NA,NA,NA,0,528,34.4627477845268,15,NA,0,24,15
"myking95","exp1","Betula","pendula","yes",69,18.6,"europe",1994,"","","10","8","44","15","","24","0","daystobudburst","timeonly",29.68,"daystobudburst",0,528,34.4627477845268,NA,NA,NA,0,528,34.4627477845268,15,NA,0,24,15
"myking95","exp1","Betula","pendula","yes",69,18.6,"europe",1994,"","","10","8","44","15","","8","16","daystobudburst","timeonly",45.61,"daystobudburst",0,528,34.4627477845268,NA,NA,NA,0,528,34.4627477845268,15,NA,16,8,15
"myking95","exp1","Betula","pendula","yes",56.1,9.15,"europe",1994,"","","10","8","44","15","","8","16","daystobudburst","timeonly",57.93,"daystobudburst",0,528,34.4627477845268,NA,NA,NA,0,528,34.4627477845268,15,NA,16,8,15
"myking95","exp1","Betula","pendula","yes",64,11.5,"europe",1994,"","","10","8","44","15","","8","16","daystobudburst","timeonly",56.79,"daystobudburst",0,528,34.4627477845268,NA,NA,NA,0,528,34.4627477845268,15,NA,16,8,15
"myking95","exp1","Betula","pendula","yes",64,11.5,"europe",1994,"","","10","8","44","15","","8","16","daystobudburst","timeonly",57.47,"daystobudburst",0,528,34.4627477845268,NA,NA,NA,0,528,34.4627477845268,15,NA,16,8,15
"myking95","exp1","Betula","pendula","yes",56.1,9.15,"europe",1994,"","","10","8","44","15","","8","16","daystobudburst","timeonly",58.11,"daystobudburst",0,528,34.4627477845268,NA,NA,NA,0,528,34.4627477845268,15,NA,16,8,15
"myking95","exp1","Betula","pendula","yes",64,11.5,"europe",1994,"","","10","8","44","15","","24","0","daystobudburst","timeonly",41.05,"daystobudburst",0,528,34.4627477845268,NA,NA,NA,0,528,34.4627477845268,15,NA,0,24,15
"myking95","exp1","Betula","pendula","yes",64,11.5,"europe",1994,"","","10","8","74","15","","8","16","daystobudburst","timeonly",25.33,"daystobudburst",0,888,57.7757982123269,NA,NA,NA,0,888,57.7757982123269,15,NA,16,8,15
"myking95","exp1","Betula","pendula","yes",69,18.6,"europe",1994,"","","10","8","74","15","","24","0","daystobudburst","timeonly",21.43,"daystobudburst",0,888,57.7757982123269,NA,NA,NA,0,888,57.7757982123269,15,NA,0,24,15
"myking95","exp1","Betula","pendula","yes",56.1,9.15,"europe",1994,"","","10","8","74","15","","24","0","daystobudburst","timeonly",22.32,"daystobudburst",0,888,57.7757982123269,NA,NA,NA,0,888,57.7757982123269,15,NA,0,24,15
"myking95","exp1","Betula","pendula","yes",64,11.5,"europe",1994,"","","10","8","74","15","","24","0","daystobudburst","timeonly",22.88,"daystobudburst",0,888,57.7757982123269,NA,NA,NA,0,888,57.7757982123269,15,NA,0,24,15
"myking95","exp1","Betula","pendula","yes",69,18.6,"europe",1994,"","","10","8","74","15","","8","16","daystobudburst","timeonly",23.19,"daystobudburst",0,888,57.7757982123269,NA,NA,NA,0,888,57.7757982123269,15,NA,16,8,15
"myking95","exp1","Betula","pendula","yes",56.1,9.15,"europe",1994,"","","10","8","74","15","","8","16","daystobudburst","timeonly",28.62,"daystobudburst",0,888,57.7757982123269,NA,NA,NA,0,888,57.7757982123269,15,NA,16,8,15
"myking95","exp1","Betula","pendula","yes",69,18.6,"europe",1994,"","","10","8","74","15","","24","0","daystobudburst","timeonly",21.26,"daystobudburst",0,888,57.7757982123269,NA,NA,NA,0,888,57.7757982123269,15,NA,0,24,15
"myking95","exp1","Betula","pendula","yes",64,11.5,"europe",1994,"","","10","8","74","15","","24","0","daystobudburst","timeonly",23.16,"daystobudburst",0,888,57.7757982123269,NA,NA,NA,0,888,57.7757982123269,15,NA,0,24,15
"myking95","exp1","Betula","pendula","yes",56.1,9.15,"europe",1994,"","","10","8","74","15","","24","0","daystobudburst","timeonly",22.04,"daystobudburst",0,888,57.7757982123269,NA,NA,NA,0,888,57.7757982123269,15,NA,0,24,15
"myking95","exp1","Betula","pendula","yes",56.1,9.15,"europe",1994,"","","10","8","74","15","","8","16","daystobudburst","timeonly",29.05,"daystobudburst",0,888,57.7757982123269,NA,NA,NA,0,888,57.7757982123269,15,NA,16,8,15
"myking95","exp1","Betula","pendula","yes",64,11.5,"europe",1994,"","","10","8","74","15","","8","16","daystobudburst","timeonly",25.9,"daystobudburst",0,888,57.7757982123269,NA,NA,NA,0,888,57.7757982123269,15,NA,16,8,15
"myking95","exp1","Betula","pendula","yes",69,18.6,"europe",1994,"","","10","8","74","15","","8","16","daystobudburst","timeonly",22.95,"daystobudburst",0,888,57.7757982123269,NA,NA,NA,0,888,57.7757982123269,15,NA,16,8,15
"myking95","exp1","Betula","pendula","yes",69,18.6,"europe",1994,"","","5","8","105","15","","24","0","daystobudburst","timeonly",9.47,"daystobudburst",2520,2520,83.9220853729006,NA,NA,NA,2520,2520,83.9220853729006,15,NA,0,24,15
"myking95","exp1","Betula","pendula","yes",64,11.5,"europe",1994,"","","5","8","105","15","","8","16","daystobudburst","timeonly",12.5,"daystobudburst",2520,2520,83.9220853729006,NA,NA,NA,2520,2520,83.9220853729006,15,NA,16,8,15
"myking95","exp1","Betula","pendula","yes",64,11.5,"europe",1994,"","","5","8","105","15","","24","0","daystobudburst","timeonly",9.67,"daystobudburst",2520,2520,83.9220853729006,NA,NA,NA,2520,2520,83.9220853729006,15,NA,0,24,15
"myking95","exp1","Betula","pendula","yes",69,18.6,"europe",1994,"","","5","8","105","15","","8","16","daystobudburst","timeonly",11.28,"daystobudburst",2520,2520,83.9220853729006,NA,NA,NA,2520,2520,83.9220853729006,15,NA,16,8,15
"myking95","exp1","Betula","pendula","yes",56.1,9.15,"europe",1994,"","","5","8","105","15","","24","0","daystobudburst","timeonly",11.57,"daystobudburst",2520,2520,83.9220853729006,NA,NA,NA,2520,2520,83.9220853729006,15,NA,0,24,15
"myking95","exp1","Betula","pendula","yes",69,18.6,"europe",1994,"","","5","8","105","15","","24","0","daystobudburst","timeonly",8.83,"daystobudburst",2520,2520,83.9220853729006,NA,NA,NA,2520,2520,83.9220853729006,15,NA,0,24,15
"myking95","exp1","Betula","pendula","yes",64,11.5,"europe",1994,"","","5","8","105","15","","24","0","daystobudburst","timeonly",10.53,"daystobudburst",2520,2520,83.9220853729006,NA,NA,NA,2520,2520,83.9220853729006,15,NA,0,24,15
"myking95","exp1","Betula","pendula","yes",64,11.5,"europe",1994,"","","5","8","105","15","","8","16","daystobudburst","timeonly",13.05,"daystobudburst",2520,2520,83.9220853729006,NA,NA,NA,2520,2520,83.9220853729006,15,NA,16,8,15
"myking95","exp1","Betula","pendula","yes",56.1,9.15,"europe",1994,"","","5","8","105","15","","24","0","daystobudburst","timeonly",12,"daystobudburst",2520,2520,83.9220853729006,NA,NA,NA,2520,2520,83.9220853729006,15,NA,0,24,15
"myking95","exp1","Betula","pendula","yes",69,18.6,"europe",1994,"","","5","8","105","15","","8","16","daystobudburst","timeonly",9.9,"daystobudburst",2520,2520,83.9220853729006,NA,NA,NA,2520,2520,83.9220853729006,15,NA,16,8,15
"myking95","exp1","Betula","pendula","yes",56.1,9.15,"europe",1994,"","","5","8","105","15","","8","16","daystobudburst","timeonly",12.73,"daystobudburst",2520,2520,83.9220853729006,NA,NA,NA,2520,2520,83.9220853729006,15,NA,16,8,15
"myking95","exp1","Betula","pendula","yes",56.1,9.15,"europe",1994,"","","5","8","105","15","","8","16","daystobudburst","timeonly",12.42,"daystobudburst",2520,2520,83.9220853729006,NA,NA,NA,2520,2520,83.9220853729006,15,NA,16,8,15
"myking95","exp1","Betula","pendula","yes",69,18.6,"europe",1994,"","","5","8","136","15","","24","0","daystobudburst","timeonly",3.58,"daystobudburst",3264,3264,109.098001095075,NA,NA,NA,3264,3264,109.098001095075,15,NA,0,24,15
"myking95","exp1","Betula","pendula","yes",69,18.6,"europe",1994,"","","5","8","136","15","","8","16","daystobudburst","timeonly",3.58,"daystobudburst",3264,3264,109.098001095075,NA,NA,NA,3264,3264,109.098001095075,15,NA,16,8,15
"myking95","exp1","Betula","pendula","yes",64,11.5,"europe",1994,"","","5","8","136","15","","8","16","daystobudburst","timeonly",6.4,"daystobudburst",3264,3264,109.098001095075,NA,NA,NA,3264,3264,109.098001095075,15,NA,16,8,15
"myking95","exp1","Betula","pendula","yes",56.1,9.15,"europe",1994,"","","5","8","136","15","","8","16","daystobudburst","timeonly",7.17,"daystobudburst",3264,3264,109.098001095075,NA,NA,NA,3264,3264,109.098001095075,15,NA,16,8,15
"myking95","exp1","Betula","pendula","yes",64,11.5,"europe",1994,"","","5","8","136","15","","8","16","daystobudburst","timeonly",6.74,"daystobudburst",3264,3264,109.098001095075,NA,NA,NA,3264,3264,109.098001095075,15,NA,16,8,15
"myking95","exp1","Betula","pendula","yes",64,11.5,"europe",1994,"","","5","8","136","15","","24","0","daystobudburst","timeonly",5.94,"daystobudburst",3264,3264,109.098001095075,NA,NA,NA,3264,3264,109.098001095075,15,NA,0,24,15
"myking95","exp1","Betula","pendula","yes",56.1,9.15,"europe",1994,"","","5","8","136","15","","8","16","daystobudburst","timeonly",7.16,"daystobudburst",3264,3264,109.098001095075,NA,NA,NA,3264,3264,109.098001095075,15,NA,16,8,15
"myking95","exp1","Betula","pendula","yes",64,11.5,"europe",1994,"","","5","8","136","15","","24","0","daystobudburst","timeonly",6.74,"daystobudburst",3264,3264,109.098001095075,NA,NA,NA,3264,3264,109.098001095075,15,NA,0,24,15
"myking95","exp1","Betula","pendula","yes",69,18.6,"europe",1994,"","","5","8","136","15","","24","0","daystobudburst","timeonly",3.79,"daystobudburst",3264,3264,109.098001095075,NA,NA,NA,3264,3264,109.098001095075,15,NA,0,24,15
"myking95","exp1","Betula","pendula","yes",69,18.6,"europe",1994,"","","5","8","136","15","","8","16","daystobudburst","timeonly",3.79,"daystobudburst",3264,3264,109.098001095075,NA,NA,NA,3264,3264,109.098001095075,15,NA,16,8,15
"myking95","exp1","Betula","pendula","yes",56.1,9.15,"europe",1994,"","","5","8","136","15","","24","0","daystobudburst","timeonly",7.37,"daystobudburst",3264,3264,109.098001095075,NA,NA,NA,3264,3264,109.098001095075,15,NA,0,24,15
"myking95","exp1","Betula","pendula","yes",56.1,9.15,"europe",1994,"","","5","8","136","15","","24","0","daystobudburst","timeonly",7.84,"daystobudburst",3264,3264,109.098001095075,NA,NA,NA,3264,3264,109.098001095075,15,NA,0,24,15
"myking95","exp1","Betula","pendula","yes",56.1,9.15,"europe",1994,"","","5","8","44","15","","24","0","daystobudburst","timeonly",33.47,"daystobudburst",1056,1056,35.2486483100299,NA,NA,NA,1056,1056,35.2486483100299,15,NA,0,24,15
"myking95","exp1","Betula","pendula","yes",64,11.5,"europe",1994,"","","5","8","44","15","","8","16","daystobudburst","timeonly",49.26,"daystobudburst",1056,1056,35.2486483100299,NA,NA,NA,1056,1056,35.2486483100299,15,NA,16,8,15
"myking95","exp1","Betula","pendula","yes",56.1,9.15,"europe",1994,"","","5","8","44","15","","24","0","daystobudburst","timeonly",32.59,"daystobudburst",1056,1056,35.2486483100299,NA,NA,NA,1056,1056,35.2486483100299,15,NA,0,24,15
"myking95","exp1","Betula","pendula","yes",69,18.6,"europe",1994,"","","5","8","44","15","","8","16","daystobudburst","timeonly",41.7,"daystobudburst",1056,1056,35.2486483100299,NA,NA,NA,1056,1056,35.2486483100299,15,NA,16,8,15
"myking95","exp1","Betula","pendula","yes",64,11.5,"europe",1994,"","","5","8","44","15","","8","16","daystobudburst","timeonly",49.4,"daystobudburst",1056,1056,35.2486483100299,NA,NA,NA,1056,1056,35.2486483100299,15,NA,16,8,15
"myking95","exp1","Betula","pendula","yes",56.1,9.15,"europe",1994,"","","5","8","44","15","","8","16","daystobudburst","timeonly",52.21,"daystobudburst",1056,1056,35.2486483100299,NA,NA,NA,1056,1056,35.2486483100299,15,NA,16,8,15
"myking95","exp1","Betula","pendula","yes",69,18.6,"europe",1994,"","","5","8","44","15","","24","0","daystobudburst","timeonly",27.56,"daystobudburst",1056,1056,35.2486483100299,NA,NA,NA,1056,1056,35.2486483100299,15,NA,0,24,15
"myking95","exp1","Betula","pendula","yes",64,11.5,"europe",1994,"","","5","8","44","15","","24","0","daystobudburst","timeonly",32.63,"daystobudburst",1056,1056,35.2486483100299,NA,NA,NA,1056,1056,35.2486483100299,15,NA,0,24,15
"myking95","exp1","Betula","pendula","yes",56.1,9.15,"europe",1994,"","","5","8","44","15","","8","16","daystobudburst","timeonly",51.92,"daystobudburst",1056,1056,35.2486483100299,NA,NA,NA,1056,1056,35.2486483100299,15,NA,16,8,15
"myking95","exp1","Betula","pendula","yes",69,18.6,"europe",1994,"","","5","8","44","15","","24","0","daystobudburst","timeonly",27.79,"daystobudburst",1056,1056,35.2486483100299,NA,NA,NA,1056,1056,35.2486483100299,15,NA,0,24,15
"myking95","exp1","Betula","pendula","yes",64,11.5,"europe",1994,"","","5","8","44","15","","24","0","daystobudburst","timeonly",32.13,"daystobudburst",1056,1056,35.2486483100299,NA,NA,NA,1056,1056,35.2486483100299,15,NA,0,24,15
"myking95","exp1","Betula","pendula","yes",69,18.6,"europe",1994,"","","5","8","44","15","","8","16","daystobudburst","timeonly",41.47,"daystobudburst",1056,1056,35.2486483100299,NA,NA,NA,1056,1056,35.2486483100299,15,NA,16,8,15
"myking95","exp1","Betula","pendula","yes",69,18.6,"europe",1994,"","","5","8","74","15","","8","16","daystobudburst","timeonly",22.11,"daystobudburst",1776,1776,58.7461696507261,NA,NA,NA,1776,1776,58.7461696507261,15,NA,16,8,15
"myking95","exp1","Betula","pendula","yes",56.1,9.15,"europe",1994,"","","5","8","74","15","","8","16","daystobudburst","timeonly",27.45,"daystobudburst",1776,1776,58.7461696507261,NA,NA,NA,1776,1776,58.7461696507261,15,NA,16,8,15
"myking95","exp1","Betula","pendula","yes",64,11.5,"europe",1994,"","","5","8","74","15","","8","16","daystobudburst","timeonly",28,"daystobudburst",1776,1776,58.7461696507261,NA,NA,NA,1776,1776,58.7461696507261,15,NA,16,8,15
"myking95","exp1","Betula","pendula","yes",64,11.5,"europe",1994,"","","5","8","74","15","","8","16","daystobudburst","timeonly",27.68,"daystobudburst",1776,1776,58.7461696507261,NA,NA,NA,1776,1776,58.7461696507261,15,NA,16,8,15
"myking95","exp1","Betula","pendula","yes",56.1,9.15,"europe",1994,"","","5","8","74","15","","24","0","daystobudburst","timeonly",18.2,"daystobudburst",1776,1776,58.7461696507261,NA,NA,NA,1776,1776,58.7461696507261,15,NA,0,24,15
"myking95","exp1","Betula","pendula","yes",69,18.6,"europe",1994,"","","5","8","74","15","","24","0","daystobudburst","timeonly",17.05,"daystobudburst",1776,1776,58.7461696507261,NA,NA,NA,1776,1776,58.7461696507261,15,NA,0,24,15
"myking95","exp1","Betula","pendula","yes",56.1,9.15,"europe",1994,"","","5","8","74","15","","24","0","daystobudburst","timeonly",18.32,"daystobudburst",1776,1776,58.7461696507261,NA,NA,NA,1776,1776,58.7461696507261,15,NA,0,24,15
"myking95","exp1","Betula","pendula","yes",56.1,9.15,"europe",1994,"","","5","8","74","15","","8","16","daystobudburst","timeonly",27.79,"daystobudburst",1776,1776,58.7461696507261,NA,NA,NA,1776,1776,58.7461696507261,15,NA,16,8,15
"myking95","exp1","Betula","pendula","yes",69,18.6,"europe",1994,"","","5","8","74","15","","24","0","daystobudburst","timeonly",16.98,"daystobudburst",1776,1776,58.7461696507261,NA,NA,NA,1776,1776,58.7461696507261,15,NA,0,24,15
"myking95","exp1","Betula","pendula","yes",69,18.6,"europe",1994,"","","5","8","74","15","","8","16","daystobudburst","timeonly",23.79,"daystobudburst",1776,1776,58.7461696507261,NA,NA,NA,1776,1776,58.7461696507261,15,NA,16,8,15
"myking95","exp1","Betula","pendula","yes",64,11.5,"europe",1994,"","","5","8","74","15","","24","0","daystobudburst","timeonly",19.26,"daystobudburst",1776,1776,58.7461696507261,NA,NA,NA,1776,1776,58.7461696507261,15,NA,0,24,15
"myking95","exp1","Betula","pendula","yes",64,11.5,"europe",1994,"","","5","8","74","15","","24","0","daystobudburst","timeonly",19.79,"daystobudburst",1776,1776,58.7461696507261,NA,NA,NA,1776,1776,58.7461696507261,15,NA,0,24,15
"myking98","exp1","Betula","pendula","yes",59.67,10.83,"europe",1997,"yes","15-Nov-1996","","","","15","15","24","0","daystobudburst","timeonly",32.428,"daystobudburst",NA,NA,NA,646,1137,50.0374964358162,646,1137,50.0374964358162,15,15,0,24,15
"myking98","exp1","Betula","pendula","yes",59.67,10.83,"europe",1997,"yes","15-Dec-1996","","","","15","15","24","0","daystobudburst","timeonly",23.313,"daystobudburst",NA,NA,NA,1002,1359.5,65.6738596860637,1002,1359.5,65.6738596860637,15,15,0,24,15
"myking98","exp1","Betula","pendula","yes",59.67,10.83,"europe",1997,"yes","15-Jan-1997","","","","15","15","24","0","daystobudburst","timeonly",18.456,"daystobudburst",NA,NA,NA,1070,1396.5,74.2590673302503,1070,1396.5,74.2590673302503,15,15,0,24,15
"myking98","exp1","Betula","pendula","yes",59.67,10.83,"europe",1997,"yes","15-Feb-1997","","","","15","15","24","0","daystobudburst","timeonly",12.927,"daystobudburst",NA,NA,NA,1485,1607.5,90.4393854061727,1485,1607.5,90.4393854061727,15,15,0,24,15
"myking98","exp1","Betula","pendula","yes",59.67,10.83,"europe",1997,"yes","15-Mar-1997","","","","15","15","24","0","daystobudburst","timeonly",7.92,"daystobudburst",NA,NA,NA,1915,1975,108.987154061707,1915,1975,108.987154061707,15,15,0,24,15
"myking98","exp1","Betula","pendula","yes",59.67,10.83,"europe",1997,"yes","15-Apr-1997","","","","15","15","24","0","daystobudburst","timeonly",3.512,"daystobudburst",NA,NA,NA,2323,2353.5,129.1602233458,2323,2353.5,129.1602233458,15,15,0,24,15
"skuterud94","exp1","Betula","pendula","yes",60.5,10.167,"europe",1994,"","25-Nov-1993","0","0","111","mean of 9, 12, 15","mean of 9, 12, 15","8","16","daystobudburst","timeonly",3,"daystobudburst",2664,0,13.9156595306638,938,922.5,44.3054439754136,3602,922.5,58.2211035060774,NA,NA,16,8,NA
"skuterud94","exp1","Betula","pendula","yes",61.5,24.333,"europe",1994,"","25-Nov-1993","0","0","111","mean of 9, 12, 15","mean of 9, 12, 15","8","16","daystobudburst","timeonly",5,"daystobudburst",2664,0,13.9156595306638,933,944.5,46.5134897275538,3597,944.5,60.4291492582176,NA,NA,16,8,NA
"skuterud94","exp1","Betula","pendula","yes",60.5,10.167,"europe",1994,"","25-Nov-1993","0","0","39","mean of 9, 12, 15","mean of 9, 12, 15","8","16","daystobudburst","timeonly",12,"daystobudburst",936,0,4.50335315531433,938,922.5,44.3054439754136,1874,922.5,48.8087971307279,NA,NA,16,8,NA
"skuterud94","exp1","Betula","pendula","yes",61.5,24.333,"europe",1994,"","25-Nov-1993","0","0","39","mean of 9, 12, 15","mean of 9, 12, 15","8","16","daystobudburst","timeonly",16,"daystobudburst",936,0,4.50335315531433,933,944.5,46.5134897275538,1869,944.5,51.0168428828681,NA,NA,16,8,NA
"skuterud94","exp1","Betula","pendula","yes",61.5,24.33,"europe",1993,"yes","25-Nov-1993","0","0","51.6666666666667","12","12","8","16","daystobudburst","timeonly",9.902,"daystobudburst",1248,0,6.2027406077441,984,966,49.4562542914466,2232,966,55.6589948991907,12,12,16,8,12
"skuterud94","exp1","Betula","pendula","yes",60.5,10.166,"europe",1993,"yes","25-Nov-1993","0","0","51.6666666666667","12","12","8","16","daystobudburst","timeonly",9.257,"daystobudburst",1248,0,6.2027406077441,984,966,49.4562542914466,2232,966,55.6589948991907,12,12,16,8,12
"skuterud94","exp1","Betula","pendula","yes",61.5,24.33,"europe",1993,"yes","25-Nov-1993","0","0","51.6666666666667","9","9","8","16","daystobudburst","timeonly",16.346,"daystobudburst",1248,0,6.2027406077441,984,966,49.4562542914466,2232,966,55.6589948991907,9,9,16,8,9
"skuterud94","exp1","Betula","pendula","yes",61.5,24.33,"europe",1993,"yes","25-Nov-1993","0","0","51.6666666666667","9","9","8","16","daystobudburst","timeonly",12.315,"daystobudburst",1248,0,6.2027406077441,984,966,49.4562542914466,2232,966,55.6589948991907,9,9,16,8,9
"skuterud94","exp1","Betula","pendula","yes",60.5,10.166,"europe",1993,"yes","25-Nov-1993","0","0","51.6666666666667","9","9","8","16","daystobudburst","timeonly",10.016,"daystobudburst",1248,0,6.2027406077441,984,966,49.4562542914466,2232,966,55.6589948991907,9,9,16,8,9
"skuterud94","exp1","Betula","pendula","yes",61.5,24.33,"europe",1993,"yes","25-Nov-1993","0","0","51.6666666666667","15","15","8","16","daystobudburst","timeonly",8.391,"daystobudburst",1248,0,6.2027406077441,984,966,49.4562542914466,2232,966,55.6589948991907,15,15,16,8,15
"skuterud94","exp1","Betula","pendula","yes",59.666,11.33,"europe",1993,"yes","25-Nov-1993","0","0","51.6666666666667","15","15","8","16","daystobudburst","timeonly",9.895,"daystobudburst",1248,0,6.2027406077441,984,966,49.4562542914466,2232,966,55.6589948991907,15,15,16,8,15
"skuterud94","exp1","Betula","pendula","yes",61.5,24.33,"europe",1993,"yes","25-Nov-1993","0","0","51.6666666666667","12","12","8","16","daystobudburst","timeonly",13.131,"daystobudburst",1248,0,6.2027406077441,984,966,49.4562542914466,2232,966,55.6589948991907,12,12,16,8,12
"skuterud94","exp1","Betula","pendula","yes",59.666,11.33,"europe",1993,"yes","25-Nov-1993","0","0","51.6666666666667","12","12","8","16","daystobudburst","timeonly",12.169,"daystobudburst",1248,0,6.2027406077441,984,966,49.4562542914466,2232,966,55.6589948991907,12,12,16,8,12
"skuterud94","exp1","Betula","pendula","yes",60.5,10.166,"europe",1993,"yes","25-Nov-1993","0","0","51.6666666666667","15","15","8","16","daystobudburst","timeonly",7.887,"daystobudburst",1248,0,6.2027406077441,984,966,49.4562542914466,2232,966,55.6589948991907,15,15,16,8,15
"skuterud94","exp1","Betula","pendula","yes",61.5,24.33,"europe",1993,"yes","25-Nov-1993","0","0","51.6666666666667","15","15","8","16","daystobudburst","timeonly",11.429,"daystobudburst",1248,0,6.2027406077441,984,966,49.4562542914466,2232,966,55.6589948991907,15,15,16,8,15
"skuterud94","exp1","Betula","pendula","yes",59.666,11.33,"europe",1993,"yes","25-Nov-1993","0","0","51.6666666666667","9","9","8","16","daystobudburst","timeonly",14.74,"daystobudburst",1248,0,6.2027406077441,984,966,49.4562542914466,2232,966,55.6589948991907,9,9,16,8,9
"skuterud94","exp1","Betula","pendula","yes",60.5,10.167,"europe",1994,"","25-Nov-1993","0","0","55","mean of 9, 12, 15","mean of 9, 12, 15","8","16","daystobudburst","timeonly",8.5,"daystobudburst",1320,0,6.59492125476756,938,922.5,44.3054439754136,2258,922.5,50.9003652301812,NA,NA,16,8,NA
"skuterud94","exp1","Betula","pendula","yes",61.5,24.333,"europe",1994,"","25-Nov-1993","0","0","55","mean of 9, 12, 15","mean of 9, 12, 15","8","16","daystobudburst","timeonly",13,"daystobudburst",1320,0,6.59492125476756,933,944.5,46.5134897275538,2253,944.5,53.1084109823214,NA,NA,16,8,NA
"skuterud94","exp1","Betula","pendula","yes",61.5,24.333,"europe",1994,"","25-Nov-1993","0","0","67","mean of 9, 12, 15","mean of 9, 12, 15","8","16","daystobudburst","timeonly",11,"daystobudburst",1608,0,8.16364952817783,933,944.5,46.5134897275538,2541,944.5,54.6771392557316,NA,NA,16,8,NA
"skuterud94","exp1","Betula","pendula","yes",60.5,10.167,"europe",1994,"","25-Nov-1993","0","0","67","mean of 9, 12, 15","mean of 9, 12, 15","8","16","daystobudburst","timeonly",8,"daystobudburst",1608,0,8.16364952817783,938,922.5,44.3054439754136,2546,922.5,52.4690935035914,NA,NA,16,8,NA
"skuterud94","exp1","Betula","pendula","yes",60.5,10.167,"europe",1994,"","25-Nov-1993","0","0","74","9","9","8","16","daystobudburst","timeonly",12,"daystobudburst",1776,0,9.07874195186457,938,459,44.3054439754136,2714,459,53.3841859272782,9,9,16,8,9
"skuterud94","exp1","Betula","pendula","yes",59.666,11.333,"europe",1994,"","25-Nov-1993","0","0","74","9","9","8","16","daystobudburst","timeonly",15,"daystobudburst",1776,0,9.07874195186457,1001,331.5,53.3750101473377,2777,331.5,62.4537520992023,9,9,16,8,9
"skuterud94","exp1","Betula","pendula","yes",59.666,11.333,"europe",1994,"","25-Nov-1993","0","0","74","12","12","8","16","daystobudburst","timeonly",12,"daystobudburst",1776,0,9.07874195186457,1001,1101,53.3750101473377,2777,1101,62.4537520992023,12,12,16,8,12
"skuterud94","exp1","Betula","pendula","yes",61.5,24.333,"europe",1994,"","25-Nov-1993","0","0","74","9","9","8","16","daystobudburst","timeonly",14,"daystobudburst",1776,0,9.07874195186457,933,279.5,46.5134897275538,2709,279.5,55.5922316794184,9,9,16,8,9
"skuterud94","exp1","Betula","pendula","yes",61.5,24.333,"europe",1994,"","25-Nov-1993","0","0","74","12","12","8","16","daystobudburst","timeonly",11,"daystobudburst",1776,0,9.07874195186457,933,944.5,46.5134897275538,2709,944.5,55.5922316794184,12,12,16,8,12
"skuterud94","exp1","Betula","pendula","yes",59.666,11.333,"europe",1994,"","25-Nov-1993","0","0","74","15","15","8","16","daystobudburst","timeonly",11,"daystobudburst",1776,0,9.07874195186457,1001,1101,53.3750101473377,2777,1101,62.4537520992023,15,15,16,8,15
"skuterud94","exp1","Betula","pendula","yes",60.5,10.167,"europe",1994,"","25-Nov-1993","0","0","74","15","15","8","16","daystobudburst","timeonly",9,"daystobudburst",1776,0,9.07874195186457,938,922.5,44.3054439754136,2714,922.5,53.3841859272782,15,15,16,8,15
"skuterud94","exp1","Betula","pendula","yes",61.5,24.333,"europe",1994,"","25-Nov-1993","0","0","74","9","9","8","16","daystobudburst","timeonly",16,"daystobudburst",1776,0,9.07874195186457,933,280,46.5134897275538,2709,280,55.5922316794184,9,9,16,8,9
"skuterud94","exp1","Betula","pendula","yes",61.5,24.333,"europe",1994,"","25-Nov-1993","0","0","74","12","12","8","16","daystobudburst","timeonly",13,"daystobudburst",1776,0,9.07874195186457,933,944.5,46.5134897275538,2709,944.5,55.5922316794184,12,12,16,8,12
"skuterud94","exp1","Betula","pendula","yes",61.5,24.333,"europe",1994,"","25-Nov-1993","0","0","74","15","15","8","16","daystobudburst","timeonly",12,"daystobudburst",1776,0,9.07874195186457,933,944.5,46.5134897275538,2709,944.5,55.5922316794184,15,15,16,8,15
"skuterud94","exp1","Betula","pendula","yes",60.5,10.167,"europe",1994,"","25-Nov-1993","0","0","74","12","12","8","16","daystobudburst","timeonly",10,"daystobudburst",1776,0,9.07874195186457,938,922.5,44.3054439754136,2714,922.5,53.3841859272782,12,12,16,8,12
"skuterud94","exp1","Betula","pendula","yes",61.5,24.333,"europe",1994,"","25-Nov-1993","0","0","74","15","15","8","16","daystobudburst","timeonly",10,"daystobudburst",1776,0,9.07874195186457,933,944.5,46.5134897275538,2709,944.5,55.5922316794184,15,15,16,8,15
"skuterud94","exp1","Betula","pendula","yes",60.5,10.167,"europe",1994,"","25-Nov-1993","0","0","98","mean of 9, 12, 15","mean of 9, 12, 15","8","16","daystobudburst","timeonly",4,"daystobudburst",2352,0,12.2162019946222,938,922.5,44.3054439754136,3290,922.5,56.5216459700358,NA,NA,16,8,NA
"skuterud94","exp1","Betula","pendula","yes",61.5,24.333,"europe",1994,"","25-Nov-1993","0","0","98","mean of 9, 12, 15","mean of 9, 12, 15","8","16","daystobudburst","timeonly",6,"daystobudburst",2352,0,12.2162019946222,933,944.5,46.5134897275538,3285,944.5,58.729691722176,NA,NA,16,8,NA
"skuterud94","exp1","Betula","pendula","yes",59.666,11.333,"europe",1994,"","25-Nov-1993","1.5","0","39","mean of 9, 12, 15","mean of 9, 12, 15","8","16","degreedaystobudburst","timeonly",160,"thermaltime",936,468,21.003273788397,1001,1101,53.3750101473377,1937,1569,74.3782839357347,NA,NA,16,8,NA
"skuterud94","exp1","Betula","pendula","yes",61.5,24.333,"europe",1994,"","25-Nov-1993","1.5","0","39","mean of 9, 12, 15","mean of 9, 12, 15","8","16","degreedaystobudburst","timeonly",238,"thermaltime",936,468,21.003273788397,933,944.5,46.5134897275538,1869,1412.5,67.5167635159508,NA,NA,16,8,NA
"skuterud94","exp1","Betula","pendula","yes",60.5,10.167,"europe",1994,"","25-Nov-1993","1.5","0","39","mean of 9, 12, 15","mean of 9, 12, 15","8","16","degreedaystobudburst","timeonly",204,"thermaltime",936,468,21.003273788397,938,922.5,44.3054439754136,1874,1390.5,65.3087177638106,NA,NA,16,8,NA
"skuterud94","exp1","Betula","pendula","yes",61.5,24.333,"europe",1994,"","25-Nov-1993","1.5","0","39","mean of 9, 12, 15","mean of 9, 12, 15","8","16","degreedaystobudburst","timeonly",89,"thermaltime",936,468,21.003273788397,933,944.5,46.5134897275538,1869,1412.5,67.5167635159508,NA,NA,16,8,NA
"skuterud94","exp1","Betula","pendula","yes",60.5,10.167,"europe",1994,"","25-Nov-1993","1.5","0","67","mean of 9, 12, 15","mean of 9, 12, 15","8","16","degreedaystobudburst","timeonly",204,"thermaltime",1608,804,36.7726471468002,938,922.5,44.3054439754136,2546,1726.5,81.0780911222138,NA,NA,16,8,NA
"skuterud94","exp1","Betula","pendula","yes",61.5,24.333,"europe",1994,"","25-Nov-1993","1.5","0","67","mean of 9, 12, 15","mean of 9, 12, 15","8","16","degreedaystobudburst","timeonly",89,"thermaltime",1608,804,36.7726471468002,933,944.5,46.5134897275538,2541,1748.5,83.286136874354,NA,NA,16,8,NA
"skuterud94","exp1","Betula","pendula","yes",61.5,24.333,"europe",1994,"","25-Nov-1993","1.5","0","67","mean of 9, 12, 15","mean of 9, 12, 15","8","16","degreedaystobudburst","timeonly",238,"thermaltime",1608,804,36.7726471468002,933,944.5,46.5134897275538,2541,1748.5,83.286136874354,NA,NA,16,8,NA
"skuterud94","exp1","Betula","pendula","yes",59.666,11.333,"europe",1994,"","25-Nov-1993","1.5","0","67","mean of 9, 12, 15","mean of 9, 12, 15","8","16","degreedaystobudburst","timeonly",160,"thermaltime",1608,804,36.7726471468002,1001,1101,53.3750101473377,2609,1905,90.1476572941379,NA,NA,16,8,NA
"skuterud94","exp1","Betula","pendula","yes",61.5,24.333,"europe",1994,"","25-Nov-1993","1.5","0","98","mean of 9, 12, 15","mean of 9, 12, 15","8","16","degreedaystobudburst","timeonly",238,"thermaltime",2352,1176,54.2315962221777,933,944.5,46.5134897275538,3285,2120.5,100.745085949731,NA,NA,16,8,NA
"skuterud94","exp1","Betula","pendula","yes",59.666,11.333,"europe",1994,"","25-Nov-1993","1.5","0","98","mean of 9, 12, 15","mean of 9, 12, 15","8","16","degreedaystobudburst","timeonly",160,"thermaltime",2352,1176,54.2315962221777,1001,1101,53.3750101473377,3353,2277,107.606606369515,NA,NA,16,8,NA
"skuterud94","exp1","Betula","pendula","yes",61.5,24.333,"europe",1994,"","25-Nov-1993","1.5","0","98","mean of 9, 12, 15","mean of 9, 12, 15","8","16","degreedaystobudburst","timeonly",89,"thermaltime",2352,1176,54.2315962221777,933,944.5,46.5134897275538,3285,2120.5,100.745085949731,NA,NA,16,8,NA
"skuterud94","exp1","Betula","pendula","yes",60.5,10.167,"europe",1994,"","25-Nov-1993","1.5","0","98","mean of 9, 12, 15","mean of 9, 12, 15","8","16","degreedaystobudburst","timeonly",204,"thermaltime",2352,1176,54.2315962221777,938,922.5,44.3054439754136,3290,2098.5,98.5370401975913,NA,NA,16,8,NA
"skuterud94","exp1","Betula","pendula","yes",60.5,10.167,"europe",1994,"","25-Nov-1993","3","0","111","mean of 9, 12, 15","mean of 9, 12, 15","8","16","daystobudburst","timeonly",1,"daystobudburst",2664,2664,74.1858024623876,938,922.5,44.3054439754136,3602,3586.5,118.491246437801,NA,NA,16,8,NA
"skuterud94","exp1","Betula","pendula","yes",61.5,24.333,"europe",1994,"","25-Nov-1993","3","0","111","mean of 9, 12, 15","mean of 9, 12, 15","8","16","daystobudburst","timeonly",4,"daystobudburst",2664,2664,74.1858024623876,933,944.5,46.5134897275538,3597,3608.5,120.699292189941,NA,NA,16,8,NA
"skuterud94","exp1","Betula","pendula","yes",61.5,24.333,"europe",1994,"","25-Nov-1993","3","0","39","mean of 9, 12, 15","mean of 9, 12, 15","8","16","daystobudburst","timeonly",17,"daystobudburst",936,936,25.5135653955933,933,944.5,46.5134897275538,1869,1880.5,72.0270551231471,NA,NA,16,8,NA
"skuterud94","exp1","Betula","pendula","yes",60.5,10.167,"europe",1994,"","25-Nov-1993","3","0","39","mean of 9, 12, 15","mean of 9, 12, 15","8","16","daystobudburst","timeonly",11,"daystobudburst",936,936,25.5135653955933,938,922.5,44.3054439754136,1874,1858.5,69.8190093710069,NA,NA,16,8,NA
"skuterud94","exp1","Betula","pendula","yes",61.5,24.33,"europe",1993,"yes","25-Nov-1993","3","0","51.6666666666667","9","9","8","16","daystobudburst","timeonly",12.332,"daystobudburst",1248,1248,34.3016081993201,984,966,49.4562542914466,2232,2214,83.7578624907667,9,9,16,8,9
"skuterud94","exp1","Betula","pendula","yes",61.5,24.33,"europe",1993,"yes","25-Nov-1993","3","0","51.6666666666667","12","12","8","16","daystobudburst","timeonly",9.697,"daystobudburst",1248,1248,34.3016081993201,984,966,49.4562542914466,2232,2214,83.7578624907667,12,12,16,8,12
"skuterud94","exp1","Betula","pendula","yes",61.5,24.33,"europe",1993,"yes","25-Nov-1993","3","0","51.6666666666667","9","9","8","16","daystobudburst","timeonly",16.506,"daystobudburst",1248,1248,34.3016081993201,984,966,49.4562542914466,2232,2214,83.7578624907667,9,9,16,8,9
"skuterud94","exp1","Betula","pendula","yes",61.5,24.33,"europe",1993,"yes","25-Nov-1993","3","0","51.6666666666667","15","15","8","16","daystobudburst","timeonly",7.471,"daystobudburst",1248,1248,34.3016081993201,984,966,49.4562542914466,2232,2214,83.7578624907667,15,15,16,8,15
"skuterud94","exp1","Betula","pendula","yes",60.5,10.166,"europe",1993,"yes","25-Nov-1993","3","0","51.6666666666667","12","12","8","16","daystobudburst","timeonly",7.359,"daystobudburst",1248,1248,34.3016081993201,984,966,49.4562542914466,2232,2214,83.7578624907667,12,12,16,8,12
"skuterud94","exp1","Betula","pendula","yes",60.5,10.166,"europe",1993,"yes","25-Nov-1993","3","0","51.6666666666667","9","9","8","16","daystobudburst","timeonly",9.518,"daystobudburst",1248,1248,34.3016081993201,984,966,49.4562542914466,2232,2214,83.7578624907667,9,9,16,8,9
"skuterud94","exp1","Betula","pendula","yes",59.666,11.33,"europe",1993,"yes","25-Nov-1993","3","0","51.6666666666667","15","15","8","16","daystobudburst","timeonly",9.041,"daystobudburst",1248,1248,34.3016081993201,984,966,49.4562542914466,2232,2214,83.7578624907667,15,15,16,8,15
"skuterud94","exp1","Betula","pendula","yes",59.666,11.33,"europe",1993,"yes","25-Nov-1993","3","0","51.6666666666667","9","9","8","16","daystobudburst","timeonly",13.881,"daystobudburst",1248,1248,34.3016081993201,984,966,49.4562542914466,2232,2214,83.7578624907667,9,9,16,8,9
"skuterud94","exp1","Betula","pendula","yes",60.5,10.166,"europe",1993,"yes","25-Nov-1993","3","0","51.6666666666667","15","15","8","16","daystobudburst","timeonly",5.988,"daystobudburst",1248,1248,34.3016081993201,984,966,49.4562542914466,2232,2214,83.7578624907667,15,15,16,8,15
"skuterud94","exp1","Betula","pendula","yes",61.5,24.33,"europe",1993,"yes","25-Nov-1993","3","0","51.6666666666667","12","12","8","16","daystobudburst","timeonly",14,"daystobudburst",1248,1248,34.3016081993201,984,966,49.4562542914466,2232,2214,83.7578624907667,12,12,16,8,12
"skuterud94","exp1","Betula","pendula","yes",59.666,11.33,"europe",1993,"yes","25-Nov-1993","3","0","51.6666666666667","12","12","8","16","daystobudburst","timeonly",11.63,"daystobudburst",1248,1248,34.3016081993201,984,966,49.4562542914466,2232,2214,83.7578624907667,12,12,16,8,12
"skuterud94","exp1","Betula","pendula","yes",61.5,24.33,"europe",1993,"yes","25-Nov-1993","3","0","51.6666666666667","15","15","8","16","daystobudburst","timeonly",10.901,"daystobudburst",1248,1248,34.3016081993201,984,966,49.4562542914466,2232,2214,83.7578624907667,15,15,16,8,15
"skuterud94","exp1","Betula","pendula","yes",60.5,10.167,"europe",1994,"","25-Nov-1993","3","0","55","mean of 9, 12, 15","mean of 9, 12, 15","8","16","daystobudburst","timeonly",8,"daystobudburst",1320,1320,36.3296180771032,938,922.5,44.3054439754136,2258,2242.5,80.6350620525168,NA,NA,16,8,NA
"skuterud94","exp1","Betula","pendula","yes",61.5,24.333,"europe",1994,"","25-Nov-1993","3","0","55","mean of 9, 12, 15","mean of 9, 12, 15","8","16","daystobudburst","timeonly",13,"daystobudburst",1320,1320,36.3296180771032,933,944.5,46.5134897275538,2253,2264.5,82.843107804657,NA,NA,16,8,NA
"skuterud94","exp1","Betula","pendula","yes",61.5,24.333,"europe",1994,"","25-Nov-1993","3","0","67","mean of 9, 12, 15","mean of 9, 12, 15","8","16","daystobudburst","timeonly",10,"daystobudburst",1608,1608,44.4416575882356,933,944.5,46.5134897275538,2541,2552.5,90.9551473157894,NA,NA,16,8,NA
"skuterud94","exp1","Betula","pendula","yes",60.5,10.167,"europe",1994,"","25-Nov-1993","3","0","67","mean of 9, 12, 15","mean of 9, 12, 15","8","16","daystobudburst","timeonly",6,"daystobudburst",1608,1608,44.4416575882356,938,922.5,44.3054439754136,2546,2530.5,88.7471015636492,NA,NA,16,8,NA
"skuterud94","exp1","Betula","pendula","yes",61.5,24.333,"europe",1994,"","25-Nov-1993","3","0","74","9","9","8","16","daystobudburst","timeonly",14,"daystobudburst",1776,1776,49.1736806363961,933,115.5,46.5134897275538,2709,1891.5,95.6871703639499,9,9,16,8,9
"skuterud94","exp1","Betula","pendula","yes",59.666,11.333,"europe",1994,"","25-Nov-1993","3","0","74","9","9","8","16","daystobudburst","timeonly",15,"daystobudburst",1776,1776,49.1736806363961,1001,52,53.3750101473377,2777,1828,102.548690783734,9,9,16,8,9
"skuterud94","exp1","Betula","pendula","yes",61.5,24.333,"europe",1994,"","25-Nov-1993","3","0","74","15","15","8","16","daystobudburst","timeonly",8,"daystobudburst",1776,1776,49.1736806363961,933,944.5,46.5134897275538,2709,2720.5,95.6871703639499,15,15,16,8,15
"skuterud94","exp1","Betula","pendula","yes",60.5,10.167,"europe",1994,"","25-Nov-1993","3","0","74","9","9","8","16","daystobudburst","timeonly",11,"daystobudburst",1776,1776,49.1736806363961,938,223,44.3054439754136,2714,1999,93.4791246118097,9,9,16,8,9
"skuterud94","exp1","Betula","pendula","yes",61.5,24.333,"europe",1994,"","25-Nov-1993","3","0","74","12","12","8","16","daystobudburst","timeonly",10,"daystobudburst",1776,1776,49.1736806363961,933,944.5,46.5134897275538,2709,2720.5,95.6871703639499,12,12,16,8,12
"skuterud94","exp1","Betula","pendula","yes",59.666,11.333,"europe",1994,"","25-Nov-1993","3","0","74","12","12","8","16","daystobudburst","timeonly",12,"daystobudburst",1776,1776,49.1736806363961,1001,1101,53.3750101473377,2777,2877,102.548690783734,12,12,16,8,12
"skuterud94","exp1","Betula","pendula","yes",60.5,10.167,"europe",1994,"","25-Nov-1993","3","0","74","15","15","8","16","daystobudburst","timeonly",7,"daystobudburst",1776,1776,49.1736806363961,938,922.5,44.3054439754136,2714,2698.5,93.4791246118097,15,15,16,8,15
"skuterud94","exp1","Betula","pendula","yes",60.5,10.167,"europe",1994,"","25-Nov-1993","3","0","74","12","12","8","16","daystobudburst","timeonly",8,"daystobudburst",1776,1776,49.1736806363961,938,922.5,44.3054439754136,2714,2698.5,93.4791246118097,12,12,16,8,12
"skuterud94","exp1","Betula","pendula","yes",61.5,24.333,"europe",1994,"","25-Nov-1993","3","0","74","15","15","8","16","daystobudburst","timeonly",11,"daystobudburst",1776,1776,49.1736806363961,933,944.5,46.5134897275538,2709,2720.5,95.6871703639499,15,15,16,8,15
"skuterud94","exp1","Betula","pendula","yes",59.666,11.333,"europe",1994,"","25-Nov-1993","3","0","74","15","15","8","16","daystobudburst","timeonly",9,"daystobudburst",1776,1776,49.1736806363961,1001,1101,53.3750101473377,2777,2877,102.548690783734,15,15,16,8,15
"skuterud94","exp1","Betula","pendula","yes",61.5,24.333,"europe",1994,"","25-Nov-1993","3","0","74","9","9","8","16","daystobudburst","timeonly",17,"daystobudburst",1776,1776,49.1736806363961,933,-21,46.5134897275538,2709,1755,95.6871703639499,9,9,16,8,9
"skuterud94","exp1","Betula","pendula","yes",61.5,24.333,"europe",1994,"","25-Nov-1993","3","0","74","12","12","8","16","daystobudburst","timeonly",14,"daystobudburst",1776,1776,49.1736806363961,933,944.5,46.5134897275538,2709,2720.5,95.6871703639499,12,12,16,8,12
"skuterud94","exp1","Betula","pendula","yes",60.5,10.167,"europe",1994,"","25-Nov-1993","3","0","98","mean of 9, 12, 15","mean of 9, 12, 15","8","16","daystobudburst","timeonly",3,"daystobudburst",2352,2352,65.3977596586609,938,922.5,44.3054439754136,3290,3274.5,109.703203634074,NA,NA,16,8,NA
"skuterud94","exp1","Betula","pendula","yes",61.5,24.333,"europe",1994,"","25-Nov-1993","3","0","98","mean of 9, 12, 15","mean of 9, 12, 15","8","16","daystobudburst","timeonly",5,"daystobudburst",2352,2352,65.3977596586609,933,944.5,46.5134897275538,3285,3296.5,111.911249386215,NA,NA,16,8,NA
"skuterud94","exp1","Betula","pendula","yes",60.5,10.167,"europe",1994,"","25-Nov-1993","6","0","111","mean of 9, 12, 15","mean of 9, 12, 15","8","16","daystobudburst","timeonly",NA,"daystobudburst",2664,2664,92.8341706470481,938,922.5,44.3054439754136,3602,3586.5,137.139614622462,NA,NA,16,8,NA
"skuterud94","exp1","Betula","pendula","yes",61.5,24.333,"europe",1994,"","25-Nov-1993","6","0","111","mean of 9, 12, 15","mean of 9, 12, 15","8","16","daystobudburst","timeonly",NA,"daystobudburst",2664,2664,92.8341706470481,933,944.5,46.5134897275538,3597,3608.5,139.347660374602,NA,NA,16,8,NA
"skuterud94","exp1","Betula","pendula","yes",60.5,10.167,"europe",1994,"","25-Nov-1993","6","0","39","mean of 9, 12, 15","mean of 9, 12, 15","8","16","daystobudburst","timeonly",8,"daystobudburst",936,936,32.2498908352268,938,922.5,44.3054439754136,1874,1858.5,76.5553348106403,NA,NA,16,8,NA
"skuterud94","exp1","Betula","pendula","yes",61.5,24.333,"europe",1994,"","25-Nov-1993","6","0","39","mean of 9, 12, 15","mean of 9, 12, 15","8","16","daystobudburst","timeonly",13,"daystobudburst",936,936,32.2498908352268,933,944.5,46.5134897275538,1869,1880.5,78.7633805627806,NA,NA,16,8,NA
"skuterud94","exp1","Betula","pendula","yes",61.5,24.33,"europe",1993,"yes","25-Nov-1993","6","0","51.6666666666667","15","15","8","16","daystobudburst","timeonly",4.591,"daystobudburst",1248,1248,42.998714672808,984,966,49.4562542914466,2232,2214,92.4549689642546,15,15,16,8,15
"skuterud94","exp1","Betula","pendula","yes",61.5,24.33,"europe",1993,"yes","25-Nov-1993","6","0","51.6666666666667","9","9","8","16","daystobudburst","timeonly",8.259,"daystobudburst",1248,1248,42.998714672808,984,966,49.4562542914466,2232,2214,92.4549689642546,9,9,16,8,9
"skuterud94","exp1","Betula","pendula","yes",61.5,24.33,"europe",1993,"yes","25-Nov-1993","6","0","51.6666666666667","9","9","8","16","daystobudburst","timeonly",12,"daystobudburst",1248,1248,42.998714672808,984,966,49.4562542914466,2232,2214,92.4549689642546,9,9,16,8,9
"skuterud94","exp1","Betula","pendula","yes",60.5,10.166,"europe",1993,"yes","25-Nov-1993","6","0","51.6666666666667","9","9","8","16","daystobudburst","timeonly",6.613,"daystobudburst",1248,1248,42.998714672808,984,966,49.4562542914466,2232,2214,92.4549689642546,9,9,16,8,9
"skuterud94","exp1","Betula","pendula","yes",59.666,11.33,"europe",1993,"yes","25-Nov-1993","6","0","51.6666666666667","12","12","8","16","daystobudburst","timeonly",7.346,"daystobudburst",1248,1248,42.998714672808,984,966,49.4562542914466,2232,2214,92.4549689642546,12,12,16,8,12
"skuterud94","exp1","Betula","pendula","yes",61.5,24.33,"europe",1993,"yes","25-Nov-1993","6","0","51.6666666666667","15","15","8","16","daystobudburst","timeonly",7.302,"daystobudburst",1248,1248,42.998714672808,984,966,49.4562542914466,2232,2214,92.4549689642546,15,15,16,8,15
"skuterud94","exp1","Betula","pendula","yes",59.666,11.33,"europe",1993,"yes","25-Nov-1993","6","0","51.6666666666667","9","9","8","16","daystobudburst","timeonly",9.247,"daystobudburst",1248,1248,42.998714672808,984,966,49.4562542914466,2232,2214,92.4549689642546,9,9,16,8,9
"skuterud94","exp1","Betula","pendula","yes",59.666,11.33,"europe",1993,"yes","25-Nov-1993","6","0","51.6666666666667","15","15","8","16","daystobudburst","timeonly",5.664,"daystobudburst",1248,1248,42.998714672808,984,966,49.4562542914466,2232,2214,92.4549689642546,15,15,16,8,15
"skuterud94","exp1","Betula","pendula","yes",60.5,10.166,"europe",1993,"yes","25-Nov-1993","6","0","51.6666666666667","12","12","8","16","daystobudburst","timeonly",4.777,"daystobudburst",1248,1248,42.998714672808,984,966,49.4562542914466,2232,2214,92.4549689642546,12,12,16,8,12
"skuterud94","exp1","Betula","pendula","yes",61.5,24.33,"europe",1993,"yes","25-Nov-1993","6","0","51.6666666666667","12","12","8","16","daystobudburst","timeonly",6.313,"daystobudburst",1248,1248,42.998714672808,984,966,49.4562542914466,2232,2214,92.4549689642546,12,12,16,8,12
"skuterud94","exp1","Betula","pendula","yes",60.5,10.166,"europe",1993,"yes","25-Nov-1993","6","0","51.6666666666667","15","15","8","16","daystobudburst","timeonly",3.678,"daystobudburst",1248,1248,42.998714672808,984,966,49.4562542914466,2232,2214,92.4549689642546,15,15,16,8,15
"skuterud94","exp1","Betula","pendula","yes",61.5,24.33,"europe",1993,"yes","25-Nov-1993","6","0","51.6666666666667","12","12","8","16","daystobudburst","timeonly",9.441,"daystobudburst",1248,1248,42.998714672808,984,966,49.4562542914466,2232,2214,92.4549689642546,12,12,16,8,12
"skuterud94","exp1","Betula","pendula","yes",60.5,10.167,"europe",1994,"","25-Nov-1993","6","0","55","mean of 9, 12, 15","mean of 9, 12, 15","8","16","daystobudburst","timeonly",5,"daystobudburst",1320,1320,45.9302120830574,938,922.5,44.3054439754136,2258,2242.5,90.235656058471,NA,NA,16,8,NA
"skuterud94","exp1","Betula","pendula","yes",61.5,24.333,"europe",1994,"","25-Nov-1993","6","0","55","mean of 9, 12, 15","mean of 9, 12, 15","8","16","daystobudburst","timeonly",9,"daystobudburst",1320,1320,45.9302120830574,933,944.5,46.5134897275538,2253,2264.5,92.4437018106112,NA,NA,16,8,NA
"skuterud94","exp1","Betula","pendula","yes",61.5,24.333,"europe",1994,"","25-Nov-1993","6","0","67","mean of 9, 12, 15","mean of 9, 12, 15","8","16","daystobudburst","timeonly",6,"daystobudburst",1608,1608,55.7018701172221,933,944.5,46.5134897275538,2541,2552.5,102.215359844776,NA,NA,16,8,NA
"skuterud94","exp1","Betula","pendula","yes",60.5,10.167,"europe",1994,"","25-Nov-1993","6","0","67","mean of 9, 12, 15","mean of 9, 12, 15","8","16","daystobudburst","timeonly",3,"daystobudburst",1608,1608,55.7018701172221,938,922.5,44.3054439754136,2546,2530.5,100.007314092636,NA,NA,16,8,NA
"skuterud94","exp1","Betula","pendula","yes",60.5,10.167,"europe",1994,"","25-Nov-1993","6","0","74","9","9","8","16","daystobudburst","timeonly",8,"daystobudburst",1776,1776,61.5648649377209,938,-7,44.3054439754136,2714,1769,105.870308913135,9,9,16,8,9
"skuterud94","exp1","Betula","pendula","yes",61.5,24.333,"europe",1994,"","25-Nov-1993","6","0","74","15","15","8","16","daystobudburst","timeonly",4,"daystobudburst",1776,1776,61.5648649377209,933,944.5,46.5134897275538,2709,2720.5,108.078354665275,15,15,16,8,15
"skuterud94","exp1","Betula","pendula","yes",61.5,24.333,"europe",1994,"","25-Nov-1993","6","0","74","12","12","8","16","daystobudburst","timeonly",6,"daystobudburst",1776,1776,61.5648649377209,933,693,46.5134897275538,2709,2469,108.078354665275,12,12,16,8,12
"skuterud94","exp1","Betula","pendula","yes",61.5,24.333,"europe",1994,"","25-Nov-1993","6","0","74","9","9","8","16","daystobudburst","timeonly",9,"daystobudburst",1776,1776,61.5648649377209,933,-50,46.5134897275538,2709,1726,108.078354665275,9,9,16,8,9
"skuterud94","exp1","Betula","pendula","yes",59.666,11.333,"europe",1994,"","25-Nov-1993","6","0","74","9","9","8","16","daystobudburst","timeonly",10,"daystobudburst",1776,1776,61.5648649377209,1001,763.5,53.3750101473377,2777,2539.5,114.939875085059,9,9,16,8,9
"skuterud94","exp1","Betula","pendula","yes",61.5,24.333,"europe",1994,"","25-Nov-1993","6","0","74","12","12","8","16","daystobudburst","timeonly",9,"daystobudburst",1776,1776,61.5648649377209,933,552.5,46.5134897275538,2709,2328.5,108.078354665275,12,12,16,8,12
"skuterud94","exp1","Betula","pendula","yes",60.5,10.167,"europe",1994,"","25-Nov-1993","6","0","74","12","12","8","16","daystobudburst","timeonly",5,"daystobudburst",1776,1776,61.5648649377209,938,740,44.3054439754136,2714,2516,105.870308913135,12,12,16,8,12
"skuterud94","exp1","Betula","pendula","yes",59.666,11.333,"europe",1994,"","25-Nov-1993","6","0","74","12","12","8","16","daystobudburst","timeonly",7,"daystobudburst",1776,1776,61.5648649377209,1001,655.5,53.3750101473377,2777,2431.5,114.939875085059,12,12,16,8,12
"skuterud94","exp1","Betula","pendula","yes",59.666,11.333,"europe",1994,"","25-Nov-1993","6","0","74","15","15","8","16","daystobudburst","timeonly",5,"daystobudburst",1776,1776,61.5648649377209,1001,1101,53.3750101473377,2777,2877,114.939875085059,15,15,16,8,15
"skuterud94","exp1","Betula","pendula","yes",61.5,24.333,"europe",1994,"","25-Nov-1993","6","0","74","9","9","8","16","daystobudburst","timeonly",12,"daystobudburst",1776,1776,61.5648649377209,933,774.5,46.5134897275538,2709,2550.5,108.078354665275,9,9,16,8,9
"skuterud94","exp1","Betula","pendula","yes",61.5,24.333,"europe",1994,"","25-Nov-1993","6","0","74","15","15","8","16","daystobudburst","timeonly",7,"daystobudburst",1776,1776,61.5648649377209,933,944.5,46.5134897275538,2709,2720.5,108.078354665275,15,15,16,8,15
"skuterud94","exp1","Betula","pendula","yes",60.5,10.167,"europe",1994,"","25-Nov-1993","6","0","74","15","15","8","16","daystobudburst","timeonly",4,"daystobudburst",1776,1776,61.5648649377209,938,922.5,44.3054439754136,2714,2698.5,105.870308913135,15,15,16,8,15
"skuterud94","exp1","Betula","pendula","yes",61.5,24.333,"europe",1994,"","25-Nov-1993","6","0","98","mean of 9, 12, 15","mean of 9, 12, 15","8","16","daystobudburst","timeonly",NA,"daystobudburst",2352,2352,81.1081810060504,933,944.5,46.5134897275538,3285,3296.5,127.621670733604,NA,NA,16,8,NA
"skuterud94","exp1","Betula","pendula","yes",60.5,10.167,"europe",1994,"","25-Nov-1993","6","0","98","mean of 9, 12, 15","mean of 9, 12, 15","8","16","daystobudburst","timeonly",NA,"daystobudburst",2352,2352,81.1081810060504,938,922.5,44.3054439754136,3290,3274.5,125.413624981464,NA,NA,16,8,NA
"viheraaarnio06","exp3","Betula","pendula","yes",60.45,24.93,"europe",2002,"yes","","","","0","18","18","15","9","percentbudset","99.2",NA,"otherpercents",0,0,0,NA,NA,NA,0,0,0,18,18,9,15,18
"viheraaarnio06","exp1","Betula","pendula","yes",67.73,24.93,"europe",2002,"yes","","","","0","18","18","21","3","percentbudset","27.42",NA,"otherpercents",0,0,0,NA,NA,NA,0,0,0,18,18,3,21,18
"viheraaarnio06","exp1","Betula","pendula","yes",67.73,24.93,"europe",2002,"yes","","","","0","18","18","20","4","percentbudset","41.87",NA,"otherpercents",0,0,0,NA,NA,NA,0,0,0,18,18,4,20,18
"viheraaarnio06","exp2","Betula","pendula","yes",60.45,24.93,"europe",2002,"yes","","","","0","18","18","19","5","percentbudset","45.85",NA,"otherpercents",0,0,0,NA,NA,NA,0,0,0,18,18,5,19,18
"viheraaarnio06","exp2","Betula","pendula","yes",60.45,24.93,"europe",2002,"yes","","","","0","18","18","17","7","percentbudset","61.78",NA,"otherpercents",0,0,0,NA,NA,NA,0,0,0,18,18,7,17,18
"viheraaarnio06","exp2","Betula","pendula","yes",60.45,24.93,"europe",2002,"yes","","","","0","18","18","16","8","percentbudset","84.64",NA,"otherpercents",0,0,0,NA,NA,NA,0,0,0,18,18,8,16,18
"viheraaarnio06","exp3","Betula","pendula","yes",60.45,24.93,"europe",2002,"yes","","","","0","18","18","16","8","percentbudset","86.24",NA,"otherpercents",0,0,0,NA,NA,NA,0,0,0,18,18,8,16,18
"viheraaarnio06","exp3","Betula","pendula","yes",67.73,24.93,"europe",2002,"yes","","","","0","18","18","22","2","percentbudset","40.5",NA,"otherpercents",0,0,0,NA,NA,NA,0,0,0,18,18,2,22,18
"viheraaarnio06","exp3","Betula","pendula","yes",67.73,24.93,"europe",2002,"yes","","","","0","18","18","21","3","percentbudset","58.59",NA,"otherpercents",0,0,0,NA,NA,NA,0,0,0,18,18,3,21,18
"viheraaarnio06","exp3","Betula","pendula","yes",67.73,24.93,"europe",2002,"yes","","","","0","18","18","19","5","percentbudset","84.3",NA,"otherpercents",0,0,0,NA,NA,NA,0,0,0,18,18,5,19,18
"viheraaarnio06","exp2","Betula","pendula","yes",67.73,24.93,"europe",2002,"yes","","","","0","18","18","21","3","percentbudset","52.9",NA,"otherpercents",0,0,0,NA,NA,NA,0,0,0,18,18,3,21,18
"viheraaarnio06","exp3","Betula","pendula","yes",60.45,24.93,"europe",2002,"yes","","","","0","18","18","19","5","percentbudset","21.05",NA,"otherpercents",0,0,0,NA,NA,NA,0,0,0,18,18,5,19,18
"viheraaarnio06","exp3","Betula","pendula","yes",67.73,24.93,"europe",2002,"yes","","","","0","18","18","21","3","percentbudset","47.67",NA,"otherpercents",0,0,0,NA,NA,NA,0,0,0,18,18,3,21,18
"viheraaarnio06","exp1","Betula","pendula","yes",60.45,24.93,"europe",2002,"yes","","","","0","18","18","17","7","percentbudset","44.48",NA,"otherpercents",0,0,0,NA,NA,NA,0,0,0,18,18,7,17,18
"viheraaarnio06","exp1","Betula","pendula","yes",60.45,24.93,"europe",2002,"yes","","","","0","18","18","16","8","percentbudset","68.6",NA,"otherpercents",0,0,0,NA,NA,NA,0,0,0,18,18,8,16,18
"viheraaarnio06","exp1","Betula","pendula","yes",67.73,24.93,"europe",2002,"yes","","","","0","18","18","20","4","percentbudset","34.93",NA,"otherpercents",0,0,0,NA,NA,NA,0,0,0,18,18,4,20,18
"viheraaarnio06","exp2","Betula","pendula","yes",60.45,24.93,"europe",2002,"yes","","","","0","18","18","18","6","percentbudset","45.39",NA,"otherpercents",0,0,0,NA,NA,NA,0,0,0,18,18,6,18,18
"viheraaarnio06","exp2","Betula","pendula","yes",60.45,24.93,"europe",2002,"yes","","","","0","18","18","17","7","percentbudset","69.06",NA,"otherpercents",0,0,0,NA,NA,NA,0,0,0,18,18,7,17,18
"viheraaarnio06","exp2","Betula","pendula","yes",67.73,24.93,"europe",2002,"yes","","","","0","18","18","23","1","percentbudset","27.08",NA,"otherpercents",0,0,0,NA,NA,NA,0,0,0,18,18,1,23,18
"viheraaarnio06","exp2","Betula","pendula","yes",67.73,24.93,"europe",2002,"yes","","","","0","18","18","21","3","percentbudset","50.74",NA,"otherpercents",0,0,0,NA,NA,NA,0,0,0,18,18,3,21,18
"viheraaarnio06","exp3","Betula","pendula","yes",60.45,24.93,"europe",2002,"yes","","","","0","18","18","17","7","percentbudset","60.07",NA,"otherpercents",0,0,0,NA,NA,NA,0,0,0,18,18,7,17,18
"viheraaarnio06","exp3","Betula","pendula","yes",67.73,24.93,"europe",2002,"yes","","","","0","18","18","23","1","percentbudset","39.14",NA,"otherpercents",0,0,0,NA,NA,NA,0,0,0,18,18,1,23,18
"viheraaarnio06","exp3","Betula","pendula","yes",67.73,24.93,"europe",2002,"yes","","","","0","18","18","20","4","percentbudset","66.55",NA,"otherpercents",0,0,0,NA,NA,NA,0,0,0,18,18,4,20,18
"viheraaarnio06","exp1","Betula","pendula","yes",60.45,24.93,"europe",2002,"yes","","","","0","18","18","16","8","percentbudset","67.46",NA,"otherpercents",0,0,0,NA,NA,NA,0,0,0,18,18,8,16,18
"viheraaarnio06","exp2","Betula","pendula","yes",67.73,24.93,"europe",2002,"yes","","","","0","18","18","19","5","percentbudset","71.67",NA,"otherpercents",0,0,0,NA,NA,NA,0,0,0,18,18,5,19,18
"viheraaarnio06","exp1","Betula","pendula","yes",60.45,24.93,"europe",2002,"yes","","","","0","18","18","17","7","percentbudset","36.75",NA,"otherpercents",0,0,0,NA,NA,NA,0,0,0,18,18,7,17,18
"viheraaarnio06","exp1","Betula","pendula","yes",67.73,24.93,"europe",2002,"yes","","","","0","18","18","21","3","percentbudset","9.9",NA,"otherpercents",0,0,0,NA,NA,NA,0,0,0,18,18,3,21,18
"viheraaarnio06","exp3","Betula","pendula","yes",60.45,24.93,"europe",2002,"yes","","","","0","18","18","18","6","percentbudset","28.33",NA,"otherpercents",0,0,0,NA,NA,NA,0,0,0,18,18,6,18,18
"viheraaarnio06","exp3","Betula","pendula","yes",60.45,24.93,"europe",2002,"yes","","","","0","18","18","17","7","percentbudset","77.82",NA,"otherpercents",0,0,0,NA,NA,NA,0,0,0,18,18,7,17,18
"viheraaarnio06","exp2","Betula","pendula","yes",60.45,24.93,"europe",2002,"yes","","","","0","18","18","15","9","percentbudset","97.16",NA,"otherpercents",0,0,0,NA,NA,NA,0,0,0,18,18,9,15,18
"viheraaarnio06","exp2","Betula","pendula","yes",67.73,24.93,"europe",2002,"yes","","","","0","18","18","22","2","percentbudset","38",NA,"otherpercents",0,0,0,NA,NA,NA,0,0,0,18,18,2,22,18
